,state,year,filetype,pmt_var,method,mean,25%,50%,75%,count,max,min,std,var
0,AK,2011,max,PER_DIEM,estimated_allowed_amount_C,540.390870346179,366.39,526.94,591.8,6124.0,3181.9,205.28,263.7519270940121,69565.07904580508
1,AK,2011,max,PER_DIEM_wage_adj,estimated_allowed_amount_C,434.8893330251314,306.24373119358074,416.3709805163948,507.6895306859205,6087.0,2871.750902527076,162.58514177094884,186.36393216249343,34731.51521106645
2,AL,2011,max,PER_DIEM,estimated_allowed_amount_C,188.47151748668995,171.53,182.7,194.23,217880.0,496.5,32.03,43.49026756691776,1891.4033730420988
3,AL,2011,max,PER_DIEM_wage_adj,estimated_allowed_amount_C,238.54470898685543,209.32249322493223,231.8289504856669,254.66124661246613,199775.0,691.5041782729805,43.40108401084011,57.01361886383184,3250.552735950282
4,AR,2011,max,,no_valid_method,,,,,,,,,
5,AZ,2011,max,PER_DIEM,estimated_allowed_amount_C,151.17550972501675,124.875,145.58,164.33,5964.0,923.33,11.06,67.63260391520687,4574.169112351256
6,AZ,2011,max,PER_DIEM_wage_adj,estimated_allowed_amount_C,154.60135499505728,127.5335530016877,150.88510170423308,169.90041760359782,6274.0,867.6282653636534,12.160527762506872,66.0381524973717,4361.037585266119
7,CA,2011,max,PER_DIEM,estimated_allowed_amount_C,196.17922745475997,158.0,173.55,201.61,582063.0,895.25,15.71,84.4732989811687,7135.738240761915
8,CA,2011,max,PER_DIEM_wage_adj,estimated_allowed_amount_C,153.57805203470193,125.85911703558764,138.37510803802937,151.75453759723425,564213.0,765.8466118017859,9.60621254738902,67.20304271217744,4516.248949774745
9,CO,2011,max,PER_DIEM,estimated_allowed_amount_C,184.49439772567268,165.53,178.83,195.35,149143.0,808.14,27.9,43.2139515951972,1867.4456124720464
10,CO,2011,max,PER_DIEM_wage_adj,estimated_allowed_amount_C,181.7422019582134,162.3437208434409,176.34445591101937,191.8548236611308,154708.0,847.953216374269,26.03097592834484,41.98009464361996,1762.3283462872892
11,CT,2011,max,PER_DIEM,estimated_allowed_amount_C,234.35038926007385,211.1,228.0,239.13,192776.0,1112.5,61.42,74.87544838309005,5606.332770568781
12,CT,2011,max,PER_DIEM_wage_adj,estimated_allowed_amount_C,207.8795442416898,184.68953538862357,198.2703395259449,212.14422988926512,182986.0,1163.1032376298106,48.95194070295689,67.91376810588491,4612.279898339911
13,DC,2011,max,PER_DIEM,estimated_allowed_amount_C,279.09713632109805,230.6,237.67,289.37,28851.0,1019.0,28.06,111.82850425967742,12505.61436495669
14,DC,2011,max,PER_DIEM_wage_adj,estimated_allowed_amount_C,253.59227194629025,210.78989088874383,244.1089918256131,260.0217983651226,1990.0,599.1793341415648,26.168049986011376,77.22322355096611,5963.426255602488
15,DE,2011,max,PER_DIEM,estimated_allowed_amount_C,226.3374055515264,191.43,208.52,233.81,30334.0,1088.75,34.9,83.90980518834192,7040.8554067454925
16,DE,2011,max,PER_DIEM_wage_adj,estimated_allowed_amount_C,223.16646180682903,188.8563327032136,211.0383120488617,235.25519848771265,29621.0,1330.0794135613928,32.986767485822305,81.54001502570323,6648.774050391908
17,FL,2011,max,,no_valid_method,,,,,,,,,
18,GA,2011,max,,no_valid_method,,,,,,,,,
19,HI,2011,max,PER_DIEM,estimated_allowed_amount_C,338.4670434782609,220.32,239.7,265.91,115.0,1072.4,169.33,254.2896370213412,64663.21949644547
20,HI,2011,max,PER_DIEM_wage_adj,estimated_allowed_amount_C,343.2683094042408,195.1336133702744,214.8538743408705,269.3002055590312,79.0,958.4413263026188,151.33613370274378,264.11662374726563,69757.59093965469
21,IA,2011,max,PER_DIEM,estimated_allowed_amount_C,155.06215016909223,134.8,149.57,163.47,131585.0,1860.67,83.71,63.14524129557228,3987.321498276048
22,IA,2011,max,PER_DIEM_wage_adj,estimated_allowed_amount_C,173.1591705211761,150.34819665315456,165.15151515151516,182.2027889387852,63898.0,2177.495611468695,79.0238836967809,70.2838756472975,4939.82317600478
23,ID,2011,max,,no_valid_method,,,,,,,,,
24,IL,2011,max,,no_valid_method,,,,,,,,,
25,IN,2011,max,PER_DIEM,estimated_allowed_amount_C,150.29068059148017,143.9,153.45,161.14,303104.0,572.6,1.47,30.318200241365663,919.1932658755449
26,IN,2011,max,PER_DIEM_wage_adj,estimated_allowed_amount_C,167.76314916064914,157.2994210090984,168.82803943044905,183.52997258967943,275857.0,673.102133237993,1.743151903237282,35.67479450308221,1272.6909628371448
27,KS,2011,max,PER_DIEM,estimated_allowed_amount_C,150.4555926899759,133.67,148.4,165.57,138057.0,750.0,16.77,35.54109265485668,1263.1692671011072
28,KS,2011,max,PER_DIEM_wage_adj,estimated_allowed_amount_C,176.95605372078668,156.58438792131312,174.12971404890175,193.37175792507205,133086.0,819.1925102399064,17.37463738085371,40.77407471685872,1662.5251690159778
29,KY,2011,max,PER_DIEM,estimated_allowed_amount_C,179.20565302816172,157.37,168.29,182.23,145055.0,1401.0,20.71,64.55318514819024,4167.11371277653
30,KY,2011,max,PER_DIEM_wage_adj,estimated_allowed_amount_C,216.41280649535005,194.2911877394636,203.5746402877698,214.02877697841728,129653.0,1789.2720306513409,26.44955300127714,74.87047634901468,5605.588228728368
31,LA,2011,max,PER_DIEM,estimated_allowed_amount_B,117.45468749675666,105.97,118.39,129.37,192702.0,421.0,2.41,29.689865759196195,881.4881287990906
32,LA,2011,max,PER_DIEM_wage_adj,estimated_allowed_amount_B,139.17679028292864,119.96831574324312,136.96802646086,152.12158248253868,5523.0,486.9035269709544,26.71444321940463,47.425136487773614,2249.1435708839563
33,MA,2011,max,PER_DIEM,estimated_allowed_amount_C,218.8659811099652,171.07,203.0,225.77,313181.0,3973.5,40.45,119.08790776505988,14181.929775859408
34,MA,2011,max,PER_DIEM_wage_adj,estimated_allowed_amount_C,196.20713179075724,155.35111111111112,183.5075197552893,207.84020907224195,301963.0,3376.242671424929,34.36995496643725,99.01774774043987,9804.514367589389
35,MD,2011,max,PER_DIEM,estimated_allowed_amount_C,233.27368661848533,210.48,223.16,235.45,174203.0,1559.25,74.0,71.41146015026736,5099.596640793223
36,MD,2011,max,PER_DIEM_wage_adj,estimated_allowed_amount_C,235.74838386748743,210.78989088874383,223.93954168698195,245.0899182561308,167709.0,1401.3439218081858,69.01053809568218,68.09850705672827,4637.406663355269
37,ME,2011,max,,no_valid_method,,,,,,,,,
38,MI,2011,max,PER_DIEM,estimated_allowed_amount_C,183.1219739701964,156.53,177.58,190.73,268692.0,950.0,58.97,58.50262157650967,3422.5567313242946
39,MI,2011,max,PER_DIEM_wage_adj,estimated_allowed_amount_C,201.9762307793031,168.82152799257656,191.0196927518301,217.58036236119227,271405.0,1068.3810637054353,51.29610299234516,65.94200267025698,4348.347716164179
40,MO,2011,max,PER_DIEM,estimated_allowed_amount_C,151.27654395141133,129.29,136.87,144.45,268046.0,2070.5,47.39,61.729806921739474,3810.5690625952334
41,MO,2011,max,PER_DIEM_wage_adj,estimated_allowed_amount_C,177.63354855225978,150.42904290429044,159.84598459845986,173.481384715872,270829.0,2277.777777777778,49.098632407791136,73.71045356936723,5433.230965401842
42,MS,2011,max,PER_DIEM,estimated_allowed_amount_C,188.41979201136115,170.0,182.94,197.94,145056.0,479.5,36.29,38.71072905506031,1498.52054397429
43,MS,2011,max,PER_DIEM_wage_adj,estimated_allowed_amount_C,240.23975671268173,214.71128608923885,234.65879265091863,251.70603674540683,145300.0,629.265091863517,47.6246719160105,49.52512073037019,2452.737583357743
44,MT,2011,max,PER_DIEM,estimated_allowed_amount_C,166.64904610810964,161.52,163.0,164.6,34983.0,849.0,31.68,34.07326661342197,1160.987497709336
45,MT,2011,max,PER_DIEM_wage_adj,estimated_allowed_amount_C,195.1744469786279,188.09550498823003,190.44264412351765,192.94352471527532,32050.0,951.6870306019504,36.822688494350935,41.240211898343205,1700.7550774202484
46,NC,2011,max,,no_valid_method,,,,,,,,,
47,ND,2011,max,,no_valid_method,,,,,,,,,
48,NE,2011,max,,no_valid_method,,,,,,,,,
49,NH,2011,max,,no_valid_method,,,,,,,,,
50,NJ,2011,max,PER_DIEM,estimated_allowed_amount_C,208.32875108826624,190.86,201.56,214.58,287154.0,1371.0,88.45,68.58482496145899,4703.878214993968
51,NJ,2011,max,PER_DIEM_wage_adj,estimated_allowed_amount_C,196.23391655259977,173.47294938917975,186.4039408866995,201.59685863874347,150478.0,1675.0152718387294,77.18150087260035,69.92587002846415,4889.627299237661
52,NM,2011,max,PER_DIEM,estimated_allowed_amount_C,175.02509174311928,143.0,157.985,229.11,436.0,406.33,18.05,50.03725097184248,2503.726484819152
53,NM,2011,max,PER_DIEM_wage_adj,estimated_allowed_amount_C,187.5117785105855,154.09606104814276,166.33883248730965,237.81089442727637,439.0,455.9869823813264,19.08840947546532,53.423125503508,2854.0303385635666
54,NV,2011,max,,no_valid_method,,,,,,,,,
55,NY,2011,max,PER_DIEM,estimated_allowed_amount_C,227.44966331385507,175.43,213.6,252.0,766322.0,3576.5,16.26,101.19775311828772,10240.985236189908
56,NY,2011,max,PER_DIEM_wage_adj,estimated_allowed_amount_C,259.99617098910494,192.88909278586996,234.17226634086745,296.2266368872693,759259.0,4369.578497251069,13.203410475030452,123.58307872655,15272.777347532656
57,OH,2011,max,PER_DIEM,estimated_allowed_amount_C,167.9404635338802,154.57,168.74,180.97,494980.0,819.5,52.87,50.5286240583282,2553.141849227863
58,OH,2011,max,PER_DIEM_wage_adj,estimated_allowed_amount_C,181.3052487072796,169.1943595306183,182.1882951653944,193.4703889732508,295248.0,1227.7153558052437,52.13489793905927,62.09508567963429,3855.799665561123
59,OK,2011,max,PER_DIEM,estimated_allowed_amount_C,128.21677205900957,123.83,125.86,127.71,158076.0,345.1,16.55,24.528359853046748,601.6404370805556
60,OK,2011,max,PER_DIEM_wage_adj,estimated_allowed_amount_C,153.04296814713103,143.22406218317,153.79134860050888,160.48346055979644,152285.0,340.1526717557252,18.82179006027522,22.71183515523493,515.827456118565
61,OR,2011,max,PER_DIEM,estimated_allowed_amount_C,233.09857734319945,212.12,212.13,212.17,34056.0,1088.5,41.06,57.2435363838496,3276.822457729113
62,OR,2011,max,PER_DIEM_wage_adj,estimated_allowed_amount_C,212.5896290040529,184.8466364586964,190.54163298302345,211.5265729384784,32102.0,1085.3524778143385,35.77901707912165,54.03239946693476,2919.500192154412
63,PA,2011,max,PER_DIEM,estimated_allowed_amount_C,199.45526207078356,174.0,192.9,214.9,553858.0,1625.0,104.84,65.83962642017642,4334.8564071483925
64,PA,2011,max,PER_DIEM_wage_adj,estimated_allowed_amount_C,223.69654183422963,195.21728574896815,214.1179029802045,241.1790298020448,562917.0,2239.525909592061,91.48342059336824,75.80189357955511,5745.927070246199
65,RI,2011,max,PER_DIEM,estimated_allowed_amount_B,167.66719467484074,144.3675,164.68,183.46,66552.0,1035.8,10.88,57.57385252355075,3314.7484944035705
66,RI,2011,max,PER_DIEM_wage_adj,estimated_allowed_amount_B,155.26525736842103,134.1049094642524,152.69740526414037,170.4405450812022,62601.0,966.7724472652604,8.4847539577322,52.84742297714816,2792.8501153256066
67,SC,2011,max,,no_valid_method,,,,,,,,,
68,SD,2011,max,PER_DIEM,estimated_allowed_amount_C,129.53236486486486,109.39,125.115,141.45,41884.0,1131.58,73.0,46.82737635708771,2192.803176488337
69,SD,2011,max,PER_DIEM_wage_adj,estimated_allowed_amount_C,147.19061463198216,124.10965323336455,140.62802451876547,161.05904404873476,39693.0,1325.6560449859417,69.90997893123922,54.95623561655348,3020.187833142141
70,TN,2011,max,PER_DIEM,estimated_allowed_amount_B,157.7668,132.23,162.73,162.74,25.0,261.43,128.96,29.63479102901408,878.2208393333334
71,TN,2011,max,PER_DIEM_wage_adj,estimated_allowed_amount_B,194.65367057371995,163.1462060456508,200.7772979642196,200.78963602714376,25.0,322.553979025293,159.1116594694633,36.56359164591497,1336.896234049223
72,TX,2011,max,PER_DIEM,estimated_allowed_amount_B,100.5942103714324,77.0,94.0,123.57,2477247.0,1038.0,5.06,34.33014064647977,1178.5585568070824
73,TX,2011,max,PER_DIEM_wage_adj,estimated_allowed_amount_B,114.21485336692275,84.82288273615634,107.46435213887167,139.39081053175013,2412913.0,1329.7463489623367,5.1318458417849895,40.05385382786187,1604.311206463725
74,UT,2011,max,PER_DIEM,estimated_allowed_amount_C,176.05370016227684,154.29,161.5,171.14,40055.0,878.4,49.49,72.08298718069334,5195.957040891999
75,UT,2011,max,PER_DIEM_wage_adj,estimated_allowed_amount_C,200.44318061002144,169.14526224908266,178.6099719404274,191.01630246271247,40087.0,1162.519851773425,53.4103172890136,98.36306096657596,9675.291762714342
76,VA,2011,max,PER_DIEM,estimated_allowed_amount_C,159.69551364404947,142.73,151.44,164.48,226509.0,1210.8,23.61,44.893115745068926,2015.3918413001556
77,VA,2011,max,PER_DIEM_wage_adj,estimated_allowed_amount_C,178.3897513674765,160.5630887071732,172.720316286188,185.7288611146537,223700.0,1025.5579645453386,26.74747932479891,43.32827683768205,1877.3395737228157
78,VT,2011,max,PER_DIEM,estimated_allowed_amount_C,200.35662543538444,177.33,194.1,212.9625,22394.0,703.0,34.0,48.45377265030872,2347.7680840478047
79,VT,2011,max,PER_DIEM_wage_adj,estimated_allowed_amount_C,214.68526888247584,184.24564696069237,205.56771973725367,224.1684912939214,23826.0,848.0635308491142,35.449900948806174,56.44710365173199,3186.2755106693744
80,WA,2011,max,PER_DIEM,estimated_allowed_amount_C,173.8515484799005,155.14,171.71,187.86,128610.0,661.0,24.24,31.237734633413893,975.796065027586
81,WA,2011,max,PER_DIEM_wage_adj,estimated_allowed_amount_C,158.91829535545534,144.70598607070437,156.52003142183818,169.35388845247448,120400.0,571.9972308757356,20.976116303219108,28.07133541759389,787.9998721270608
82,WI,2011,max,PER_DIEM,estimated_allowed_amount_C,159.96020794195363,143.45,151.77,160.91,162353.0,1994.5,47.55,51.10343192230281,2611.5607542374382
83,WI,2011,max,PER_DIEM_wage_adj,estimated_allowed_amount_C,164.29261421317565,147.86861706901195,156.77108907001866,166.9170476812541,148438.0,2171.2388417156544,42.10200106251106,50.81304530940727,2581.965573615877
84,WV,2011,max,PER_DIEM,estimated_allowed_amount_C,238.7323860262222,191.89,206.87,250.77,81839.0,1441.0,30.34,102.65436472242834,10537.91859656534
85,WV,2011,max,PER_DIEM_wage_adj,estimated_allowed_amount_C,309.34562572112776,246.2670591383463,272.6384800642227,322.5849611988226,80162.0,2158.801498127341,40.5940594059406,133.67612326098353,17869.305930085662
86,WY,2011,max,PER_DIEM,estimated_allowed_amount_C,166.7274295023697,148.2,160.2,179.48,16880.0,792.5,37.18,39.12280350565681,1530.593754142233
87,WY,2011,max,PER_DIEM_wage_adj,estimated_allowed_amount_C,177.30775028655412,162.78337531486144,177.6488865872605,190.2812762384551,14260.0,855.1850652854214,39.02183039462636,41.11628872398286,1690.54919843392
88,AK,2012,max,PER_DIEM,estimated_allowed_amount_C,592.3052560117782,443.93,524.06,634.71,6113.0,3329.5,214.81,299.6515853900516,89791.07262677139
89,AK,2012,max,PER_DIEM_wage_adj,estimated_allowed_amount_C,458.964425383928,365.8864254512487,407.9557839016036,550.0529941706411,6012.0,2940.734852499558,167.21936789662152,182.0221771645179,33132.07297971114
90,AL,2012,max,PER_DIEM,estimated_allowed_amount_C,192.92884737891688,175.0,188.21,198.27,216628.0,780.5,59.87,44.9870371249386,2023.833509280604
91,AL,2012,max,PER_DIEM_wage_adj,estimated_allowed_amount_C,247.17698888284767,219.77045538689376,239.4399454827267,261.70798898071627,198926.0,975.381154711322,82.46556473829202,58.24796727012436,3392.825691101478
92,AR,2012,max,,no_valid_method,,,,,,,,,
93,AZ,2012,max,PER_DIEM,estimated_allowed_amount_C,148.9908762285524,120.13,138.4,162.0,6003.0,857.33,2.83,73.4176524413701,5390.151690001817
94,AZ,2012,max,PER_DIEM_wage_adj,estimated_allowed_amount_C,154.5521149908625,121.86800188848883,147.77588491387468,170.80217539089054,6040.0,864.8198504418762,2.2772994286633943,72.16082142538153,5207.184148785801
95,CA,2012,max,PER_DIEM,estimated_allowed_amount_C,204.14574554970545,162.73,179.29,207.44,543391.0,914.0,16.23,93.9907112569562,8834.253802588511
96,CA,2012,max,PER_DIEM_wage_adj,estimated_allowed_amount_C,158.51271176653094,128.63928899785475,141.88880426504187,157.20777337329594,526352.0,789.2296782200159,10.204979879275657,72.60439162814502,5271.397683693055
97,CO,2012,max,PER_DIEM,estimated_allowed_amount_C,192.46449244842967,172.5,186.9,204.06,132489.0,808.14,27.9,45.61342013998488,2080.5840968667776
98,CO,2012,max,PER_DIEM_wage_adj,estimated_allowed_amount_C,188.78216624096385,169.86944679252372,182.21095144172068,199.4464551841601,139212.0,759.0307128768667,26.204564666103128,43.50932228424235,1893.061125634068
99,CT,2012,max,PER_DIEM,estimated_allowed_amount_C,242.42858942329343,214.55,233.1,242.84,190929.0,1600.0,66.06,89.75065376443348,8055.179851143217
100,CT,2012,max,PER_DIEM_wage_adj,estimated_allowed_amount_C,213.8705648417909,186.3271028037383,200.15887850467288,219.07476635514016,178239.0,1417.5600248073004,51.153786588198855,80.50350295407989,6480.813987877551
101,DC,2012,max,PER_DIEM,estimated_allowed_amount_C,273.91101937634164,230.57,235.6,283.57,35404.0,1019.0,27.45,102.90713355932942,10589.878137397664
102,DC,2012,max,PER_DIEM_wage_adj,estimated_allowed_amount_C,258.2659402220486,209.15147589525307,241.06124206221077,262.4872767650597,2403.0,701.7026001665588,30.285925788840565,88.11865311147443,7764.897026180363
103,DE,2012,max,PER_DIEM,estimated_allowed_amount_C,225.2229705920456,192.71,209.81,233.81,7719.0,1088.67,34.7,78.54909906419589,6169.96096379686
104,DE,2012,max,PER_DIEM_wage_adj,estimated_allowed_amount_C,221.1171224450453,189.74864003001312,208.83277338246447,231.70605890076908,7607.0,1335.2551521099117,32.54548865128494,77.4577498887301,5999.703017825069
105,FL,2012,max,,no_valid_method,,,,,,,,,
106,GA,2012,max,,no_valid_method,,,,,,,,,
107,HI,2012,max,PER_DIEM,estimated_allowed_amount_C,287.93631578947367,215.44,240.1,261.87,95.0,1034.1,186.63,166.64375582490672,27770.14135543113
108,HI,2012,max,PER_DIEM_wage_adj,estimated_allowed_amount_C,281.7736175115207,196.41517857142856,219.4866071428571,233.8125,62.0,923.3035714285712,166.63392857142856,177.59929302897183,31541.508884390605
109,IA,2012,max,PER_DIEM,estimated_allowed_amount_C,161.06329955826763,140.76,155.29,169.57,131754.0,1972.5,86.9,67.117577035234,4504.769147080571
110,IA,2012,max,PER_DIEM_wage_adj,estimated_allowed_amount_C,184.4444701639124,159.52657229055464,175.44673938268738,192.46297181079788,83632.0,1845.555813413785,86.29592850049654,83.64564073192004,6996.5932134534405
111,ID,2012,max,,no_valid_method,,,,,,,,,
112,IL,2012,max,,no_valid_method,,,,,,,,,
113,IN,2012,max,PER_DIEM,estimated_allowed_amount_C,155.63720934546805,146.17,157.32,168.65,183276.0,402.92,13.85,31.303319439209503,979.8978079131916
114,IN,2012,max,PER_DIEM_wage_adj,estimated_allowed_amount_C,172.74109110956368,159.93583109087146,174.09293443666454,187.7441234943281,169007.0,471.196351303941,16.25957358724902,36.04740430172327,1299.415356891897
115,KS,2012,max,PER_DIEM,estimated_allowed_amount_C,153.25088921695817,137.14,150.93,168.61,134118.0,1071.8,17.71,34.5051166840286,1190.603077378429
116,KS,2012,max,PER_DIEM_wage_adj,estimated_allowed_amount_C,179.91313365360296,159.35828877005346,178.2428702851886,194.8597056117755,130293.0,1332.9187911951249,20.365685372585094,38.934680737278825,1515.9093641138309
117,KY,2012,max,PER_DIEM,estimated_allowed_amount_C,178.72789601811917,160.64,170.57,186.43,147468.0,1441.25,27.52,51.96696545207222,2700.565498296868
118,KY,2012,max,PER_DIEM_wage_adj,estimated_allowed_amount_C,216.9271313630572,200.23165081687392,207.7016965702429,217.9438202247191,130092.0,1550.670926517572,30.92134831460674,57.79723073959466,3340.5198811659457
119,LA,2012,max,PER_DIEM,estimated_allowed_amount_B,122.82272389637517,109.69,122.0,133.68,196285.0,480.5,31.0,35.41486794907188,1254.2128718501983
120,LA,2012,max,PER_DIEM_wage_adj,estimated_allowed_amount_B,149.9975003311029,132.018612896078,148.56480885570858,163.8048654910542,157123.0,637.3524340098156,34.345224905827614,44.72640821602623,2000.4515919066184
121,MA,2012,max,PER_DIEM,estimated_allowed_amount_C,207.72101308308103,170.81,202.35,224.9,300923.0,1115.67,39.45,78.50179307973974,6162.531516734274
122,MA,2012,max,PER_DIEM_wage_adj,estimated_allowed_amount_C,180.4644060821753,147.26400229193524,174.34091729866378,199.69302997472013,289656.0,1065.394749682834,29.20068758057585,64.02980614403889,4099.816074843199
123,MD,2012,max,PER_DIEM,estimated_allowed_amount_C,242.66703865358028,218.61,230.6,243.87,175042.0,1165.5,75.19,77.53350365010692,6011.4441882611445
124,MD,2012,max,PER_DIEM_wage_adj,estimated_allowed_amount_C,246.0703960656751,218.95379765540343,233.1494434045907,251.49432809773128,163468.0,1489.4568690095848,69.5752752845378,75.78163676196453,5742.856470322336
125,ME,2012,max,,no_valid_method,,,,,,,,,
126,MI,2012,max,PER_DIEM,estimated_allowed_amount_C,188.92878851954583,161.86,183.67,198.13,263892.0,955.0,61.61,61.71285523159417,3808.4765008356994
127,MI,2012,max,PER_DIEM_wage_adj,estimated_allowed_amount_C,212.84050437643228,177.6256989701782,201.0849909584087,230.12658227848095,267240.0,1151.2959614225438,57.16979437909671,70.96813307339747,5036.475911923451
128,MO,2012,max,PER_DIEM,estimated_allowed_amount_C,161.24867031006187,138.9225,146.8,154.13,267882.0,2277.0,40.13,65.00439715047034,4225.571648896077
129,MO,2012,max,PER_DIEM_wage_adj,estimated_allowed_amount_C,188.3874340101609,159.93566462592094,170.43098745226405,185.0645119249316,270987.0,2967.5485468526,45.248226950354606,76.84637750935354,5905.365736310077
130,MS,2012,max,PER_DIEM,estimated_allowed_amount_C,191.02787435143264,173.71,185.83,200.87,151295.0,506.5,33.81,39.09941180698755,1528.7640036523972
131,MS,2012,max,PER_DIEM_wage_adj,estimated_allowed_amount_C,245.21056163563327,219.8965380023876,239.62063934208783,254.927709245258,151605.0,671.8397665472875,41.372980910425845,50.82615008491361,2583.2975324541635
132,MT,2012,max,PER_DIEM,estimated_allowed_amount_C,165.98976626343693,161.13,162.52,163.57,34141.0,980.8,11.52,34.675529936677464,1202.392376389415
133,MT,2012,max,PER_DIEM_wage_adj,estimated_allowed_amount_C,192.5463280644768,186.836912362159,188.45037724898432,190.01741149158445,31427.0,1143.6567164179105,13.372025536854323,41.267458528728696,1703.0031334203427
134,NC,2012,max,,no_valid_method,,,,,,,,,
135,ND,2012,max,,no_valid_method,,,,,,,,,
136,NE,2012,max,,no_valid_method,,,,,,,,,
137,NH,2012,max,,no_valid_method,,,,,,,,,
138,NJ,2012,max,PER_DIEM,estimated_allowed_amount_C,206.4148564200403,190.57,200.1,211.2,286182.0,1417.0,91.42,70.31570465276434,4944.298320814785
139,NJ,2012,max,PER_DIEM_wage_adj,estimated_allowed_amount_C,197.6791938722413,175.04857798975445,188.0237835436194,202.4249652156629,152764.0,1738.223748773307,80.74545133368662,73.59525392655472,5416.261400514069
140,NM,2012,max,PER_DIEM,estimated_allowed_amount_C,182.658,149.72750000000002,171.87,229.87,480.0,295.5,15.38,51.81889638246315,2685.198022296453
141,NM,2012,max,PER_DIEM_wage_adj,estimated_allowed_amount_C,197.6587185847594,161.07231358414057,184.2306825861681,244.3116863969881,487.0,309.4240837696335,16.104712041884817,52.71508146756014,2778.879814131503
142,NV,2012,max,,no_valid_method,,,,,,,,,
143,NY,2012,max,PER_DIEM,estimated_allowed_amount_C,213.00767188907784,168.1,206.36,243.07,735867.0,3477.0,12.61,90.20973975624035,8137.797146888613
144,NY,2012,max,PER_DIEM_wage_adj,estimated_allowed_amount_C,245.73631624628845,186.8112188818457,225.6797235023041,285.08341511285573,716386.0,4265.210991167812,10.15625,110.55365545331576,12222.110734090456
145,OH,2012,max,PER_DIEM,estimated_allowed_amount_C,165.59452913493098,152.74,167.73,179.97,484470.0,736.0,47.48,49.51022730390597,2451.2626076844363
146,OH,2012,max,PER_DIEM_wage_adj,estimated_allowed_amount_C,184.7749490881638,173.18492001342432,188.1371969248965,199.84093319194065,480414.0,1092.798812175204,47.50850510306184,54.476935890935,2967.736544065042
147,OK,2012,max,PER_DIEM,estimated_allowed_amount_C,133.50093570993872,126.0,129.29,137.29,159387.0,345.1,17.9,23.024742054678807,530.1387466844949
148,OK,2012,max,PER_DIEM_wage_adj,estimated_allowed_amount_C,161.68935970184526,151.24372159770388,160.29561671763506,167.2910295616717,154521.0,364.1732283464567,20.035818222520707,25.9553365960924,673.6794978164535
149,OR,2012,max,PER_DIEM,estimated_allowed_amount_C,232.9835492745649,212.13,212.13,224.65,34531.0,636.5,41.06,54.982969858990586,3023.1269745146674
150,OR,2012,max,PER_DIEM_wage_adj,estimated_allowed_amount_C,209.83678150991287,185.20167627029855,188.99679258731288,207.806907226468,33032.0,622.1288241618611,35.43626477949426,50.61713080394928,2562.093930824112
151,PA,2012,max,PER_DIEM,estimated_allowed_amount_C,199.35855314634424,174.07,192.93,214.1,555184.0,1667.5,107.58,68.2849747583184,4662.83777774418
152,PA,2012,max,PER_DIEM_wage_adj,estimated_allowed_amount_C,222.53442866987555,194.88757396449705,212.6708337747643,239.42555541917272,563483.0,2073.489181795573,95.01854795972442,77.75988922160084,6046.600371755635
153,RI,2012,max,PER_DIEM,estimated_allowed_amount_B,170.21293109041198,146.38,165.87,184.9,43158.0,1035.8,42.16,61.219787245818026,3747.8623504232232
154,RI,2012,max,PER_DIEM_wage_adj,estimated_allowed_amount_B,158.75274400672427,136.93251245417804,154.9111758623931,172.92038725444118,40910.0,973.5877432089482,32.84000623150023,56.75283129064908,3220.883859504877
155,SC,2012,max,,no_valid_method,,,,,,,,,
156,SD,2012,max,PER_DIEM,estimated_allowed_amount_C,129.28099535338714,108.55,124.33,140.97,40890.0,1145.72,73.92,51.93490416382105,2697.234270505277
157,SD,2012,max,PER_DIEM_wage_adj,estimated_allowed_amount_C,151.13020450066747,126.12048192771086,143.30470488969974,164.5542168674699,39928.0,1380.3855421686749,72.44927962364011,63.55829359811754,4039.65668510451
158,TN,2012,max,PER_DIEM,estimated_allowed_amount_B,,,,,0.0,,,,
159,TN,2012,max,PER_DIEM_wage_adj,estimated_allowed_amount_B,,,,,0.0,,,,
160,TX,2012,max,PER_DIEM,estimated_allowed_amount_B,103.8608699863763,78.5,98.29,129.0,2598420.0,1040.5,5.29,35.413084672256865,1254.0865660044342
161,TX,2012,max,PER_DIEM_wage_adj,estimated_allowed_amount_B,116.45523978223294,85.97285067873302,110.54953365263422,143.68540458784975,2536525.0,1311.4444164355937,5.319255907491201,40.78162453720812,1663.1408998938152
162,UT,2012,max,PER_DIEM,estimated_allowed_amount_C,183.08047820883613,158.67,166.71,178.73,40108.0,991.5,59.95,76.78443310040343,5895.849166550331
163,UT,2012,max,PER_DIEM_wage_adj,estimated_allowed_amount_C,211.7240923999893,174.753053637812,183.6006372809347,196.4642082429501,40820.0,1144.6023104501394,63.67498672331386,112.01087379691111,12546.435848747547
164,VA,2012,max,PER_DIEM,estimated_allowed_amount_C,163.27095754046184,144.88,154.3,167.61,236272.0,2123.5,24.77,46.71339863655593,2182.141612177785
165,VA,2012,max,PER_DIEM_wage_adj,estimated_allowed_amount_C,181.1407245065628,162.95577571238894,174.53709960805512,187.16572591838624,233845.0,1028.7066649609826,29.522398267411376,45.1092040198224,2034.8402873019616
166,VT,2012,max,PER_DIEM,estimated_allowed_amount_C,209.09216384206053,184.17,201.29,221.33,22363.0,694.14,35.52,50.73872594434056,2574.418310454898
167,VT,2012,max,PER_DIEM_wage_adj,estimated_allowed_amount_C,220.87273568078407,188.0326314739048,208.6915546155216,235.0956820412169,24960.0,851.4965652600588,52.889071995056135,60.40178637848342,3648.375797711946
168,WA,2012,max,PER_DIEM,estimated_allowed_amount_C,184.57147971789576,168.4,181.55,195.97,127896.0,661.0,25.19,31.819421655804835,1012.4755945099016
169,WA,2012,max,PER_DIEM_wage_adj,estimated_allowed_amount_C,167.88285906109664,155.09921150680185,165.11770906535486,174.31785967399009,120227.0,572.7406637206482,21.82653149640413,28.610205432042765,818.5438548636893
170,WI,2012,max,PER_DIEM,estimated_allowed_amount_C,161.82515135364434,146.16,154.53,164.28,183874.0,2343.5,43.26,46.73749316679093,2184.3932675158285
171,WI,2012,max,PER_DIEM_wage_adj,estimated_allowed_amount_C,170.46983346007144,153.59251420296312,164.68753481118412,174.18177916085418,171613.0,2117.5964742556166,38.50810040947125,48.48964906800123,2351.2460667379123
172,WV,2012,max,PER_DIEM,estimated_allowed_amount_C,248.9890157048941,198.07,212.26,273.29,82140.0,1511.0,97.48,109.53446277647092,11997.798535730091
173,WV,2012,max,PER_DIEM_wage_adj,estimated_allowed_amount_C,324.3579905094379,256.10043154178106,283.01410541945063,343.29567779960706,80220.0,2243.504083147736,113.26886315079275,143.92693232673372,20714.96184898419
174,WY,2012,max,PER_DIEM,estimated_allowed_amount_C,168.93926518326154,148.94,165.1,179.7,16943.0,875.67,45.13,44.68397508441209,1996.6576293443604
175,WY,2012,max,PER_DIEM_wage_adj,estimated_allowed_amount_C,179.0616350112199,158.17757009345794,170.68300879707422,191.4873317078342,14575.0,1162.7539503386004,45.845184884193415,49.399512823101325,2440.311867159752
176,AK,2013,max,PER_DIEM,estimated_allowed_amount_C,629.1295213675213,511.74,603.67,732.48,5850.0,4094.5,177.0,225.09705213125,50668.68287817869
177,AK,2013,max,PER_DIEM_wage_adj,estimated_allowed_amount_C,505.3722801148051,374.14999588375736,471.35941282111344,588.1379437869823,5229.0,2258.516506133202,138.20566877488875,169.95284684540692,28883.970150858346
178,AL,2013,max,PER_DIEM,estimated_allowed_amount_C,191.99139789404617,175.43,187.86,198.55,219473.0,512.5,62.77,40.11534019759594,1609.2405191688565
179,AL,2013,max,PER_DIEM_wage_adj,estimated_allowed_amount_C,250.73906873702765,223.17989666510096,244.0934711131987,265.67897767167534,202918.0,719.7022890043534,88.14773206010393,55.966508796337465,3132.2501068505185
180,AR,2013,max,,no_valid_method,,,,,,,,,
181,AZ,2013,max,PER_DIEM,estimated_allowed_amount_C,151.52823966942148,120.8,140.5,168.33,6050.0,823.75,20.66,71.05022408708984,5048.134342825681
182,AZ,2013,max,PER_DIEM_wage_adj,estimated_allowed_amount_C,154.80252133425026,122.65857694429124,148.66042256588975,172.22835079977938,6315.0,786.2460628042378,22.16024884693768,68.82720145390529,4737.183659976462
183,CA,2013,max,PER_DIEM,estimated_allowed_amount_C,207.78379416595257,165.24,183.0,211.65,560160.0,1100.0,4.25,93.28075608814744,8701.299456376453
184,CA,2013,max,PER_DIEM_wage_adj,estimated_allowed_amount_C,159.82408200137613,129.2280159440332,142.72350117953306,158.63110216406645,542805.0,1062.9046284665185,3.457252094688034,72.01187847109371,5185.710640935569
185,CO,2013,max,PER_DIEM,estimated_allowed_amount_C,198.12771391688747,178.11,191.83,208.89,133241.0,830.33,29.52,47.03520975244395,2212.310956456398
186,CO,2013,max,PER_DIEM_wage_adj,estimated_allowed_amount_C,196.5748677966553,176.71219791766168,190.1644596326356,205.43786646491395,140007.0,793.1321043079569,28.19753558123985,46.15573700478609,2130.35205845498
187,CT,2013,max,PER_DIEM,estimated_allowed_amount_C,243.65691052132803,215.0,233.81,243.67,188883.0,1600.0,67.52,92.70586197949348,8594.376845360895
188,CT,2013,max,PER_DIEM_wage_adj,estimated_allowed_amount_C,209.3124791997109,182.7942293090357,195.24622573687995,214.36033496393333,175737.0,1437.8145219266714,51.268033409263474,80.59620766050544,6495.748689255317
189,DC,2013,max,PER_DIEM,estimated_allowed_amount_C,269.5575112913408,234.29,252.7,274.67,41182.0,1019.0,24.71,82.32793361234458,6777.888652878617
190,DC,2013,max,PER_DIEM_wage_adj,estimated_allowed_amount_C,250.3989666459132,212.055539919317,238.7177446856883,272.7296181630546,2928.0,727.0850924101698,27.638615254714324,72.31102564459162,5228.884429772787
191,DE,2013,max,PER_DIEM,estimated_allowed_amount_C,480.112,416.8,453.63,491.13,20.0,1088.6,347.52,162.53075931067713,26416.24772210526
192,DE,2013,max,PER_DIEM_wage_adj,estimated_allowed_amount_C,451.9166355247128,356.83335044665773,413.1943761675352,431.5227436081733,19.0,1018.6207541873304,341.6773178645168,172.58566379278625,29785.81134679665
193,FL,2013,max,,no_valid_method,,,,,,,,,
194,GA,2013,max,,no_valid_method,,,,,,,,,
195,HI,2013,max,PER_DIEM,estimated_allowed_amount_C,243.0120879120879,222.095,231.23,257.895,91.0,523.5,189.11,45.98766787632632,2114.865596703296
196,HI,2013,max,PER_DIEM_wage_adj,estimated_allowed_amount_C,233.29808678225203,205.8864653243848,229.18064876957496,240.79278523489933,64.0,487.97539149888144,176.27703206562268,49.450135347410566,2445.3158858772235
197,IA,2013,max,PER_DIEM,estimated_allowed_amount_C,165.93806812166775,144.71,161.2,174.48,130355.0,1924.67,79.14,68.05369342540912,4631.305188839572
198,IA,2013,max,PER_DIEM_wage_adj,estimated_allowed_amount_C,191.1868869773978,167.06981199856307,183.9779667105736,200.60316139767056,128213.0,2304.7179978445697,88.2905138339921,79.06274822659068,6250.918157141268
199,ID,2013,max,,no_valid_method,,,,,,,,,
200,IL,2013,max,,no_valid_method,,,,,,,,,
201,IN,2013,max,PER_DIEM,estimated_allowed_amount_C,164.30856309320794,156.09,168.4,180.0,317237.0,579.56,5.18,34.78072397540523,1209.6987602533284
202,IN,2013,max,PER_DIEM_wage_adj,estimated_allowed_amount_C,181.51964693573777,168.61602726173464,185.55144981855955,201.1665277943102,296346.0,599.0321057601511,14.316109422492405,39.78471239400604,1582.8233402737785
203,KS,2013,max,PER_DIEM,estimated_allowed_amount_C,158.69907166123778,139.89249999999998,156.015,172.24,1842.0,600.0,39.0,32.5582872793747,1060.0420705662923
204,KS,2013,max,PER_DIEM_wage_adj,estimated_allowed_amount_C,183.48432491795992,160.9478554457922,179.55304688399954,197.16143553832688,1833.0,624.0898689411275,44.92569980417003,37.23995538539672,1386.8142771063378
205,KY,2013,max,PER_DIEM,estimated_allowed_amount_C,184.38899771889808,163.97,175.9,192.46,142475.0,1962.33,30.84,57.52150784108069,3308.723864311507
206,KY,2013,max,PER_DIEM_wage_adj,estimated_allowed_amount_C,223.63482028367264,204.10054589310653,212.796750031738,224.0192966865558,127755.0,2491.214929541704,34.17931951679042,67.58349542506564,4567.528853869868
207,LA,2013,max,PER_DIEM,estimated_allowed_amount_B,128.95577359411425,114.7,128.03,140.26,192601.0,501.5,32.35,37.10059104967748,1376.4538562354091
208,LA,2013,max,PER_DIEM_wage_adj,estimated_allowed_amount_B,158.66548410935988,139.64649564256783,156.64526866381362,173.02662862577273,180021.0,665.3841050815975,36.21809225257501,46.8307675373213,2193.1207881346268
209,MA,2013,max,,file_unavailable,,,,,,,,,
210,MD,2013,max,PER_DIEM,estimated_allowed_amount_C,249.80294112407591,223.5,236.35,250.71,190859.0,1113.5,71.84,79.39423974633068,6303.445304897834
211,MD,2013,max,PER_DIEM_wage_adj,estimated_allowed_amount_C,256.4095407742981,225.62333694688087,241.5787917611117,264.4992611117426,199226.0,1265.772422416733,67.22185833255358,81.80034660321928,6691.296704406807
212,ME,2013,max,,no_valid_method,,,,,,,,,
213,MI,2013,max,PER_DIEM,estimated_allowed_amount_C,194.70309067919771,167.52,188.4,202.58,259409.0,950.0,60.95,62.25695067830077,3875.927907760374
214,MI,2013,max,PER_DIEM_wage_adj,estimated_allowed_amount_C,218.73542503841907,183.46330520243563,207.73816620961009,236.07964707285083,262689.0,1146.8981425276193,54.14408812294573,71.41800437660211,5100.531349136359
215,MO,2013,max,PER_DIEM,estimated_allowed_amount_C,166.80493564384415,143.07,150.9,157.0,283112.0,2433.5,44.16,69.03947976100001,4766.44976566953
216,MO,2013,max,PER_DIEM_wage_adj,estimated_allowed_amount_C,194.40515450495795,163.067940552017,175.11151928627658,192.1018105484125,286709.0,2531.2044934470564,51.46253350425358,81.75392718831438,6683.704610712209
217,MS,2013,max,PER_DIEM,estimated_allowed_amount_C,190.6402305130412,174.28,186.9,201.8,160338.0,406.0,28.1,32.62691013794767,1064.515265149712
218,MS,2013,max,PER_DIEM_wage_adj,estimated_allowed_amount_C,244.7794793331974,222.783416901064,240.85179779753216,256.5609659015523,160579.0,538.6758657290699,31.053155044756327,42.68847102218175,1822.3055582116508
219,MT,2013,max,PER_DIEM,estimated_allowed_amount_C,168.02213021262568,162.38,163.84,166.0,30335.0,1294.0,32.29,34.74709174717204,1207.3603848863916
220,MT,2013,max,PER_DIEM_wage_adj,estimated_allowed_amount_C,196.38238866469277,187.36046511627907,190.2093023255814,192.80232558139537,27980.0,1504.6511627906978,36.95776582350921,43.2471466845388,1870.315696354015
221,NC,2013,max,,no_valid_method,,,,,,,,,
222,ND,2013,max,,no_valid_method,,,,,,,,,
223,NE,2013,max,,no_valid_method,,,,,,,,,
224,NH,2013,max,,no_valid_method,,,,,,,,,
225,NJ,2013,max,PER_DIEM,estimated_allowed_amount_C,210.70736605952436,195.13,204.26,214.26,281263.0,1475.55,95.2,72.73308323614681,5290.10139703626
226,NJ,2013,max,PER_DIEM_wage_adj,estimated_allowed_amount_C,194.89384781712585,179.38162701594936,188.27408001425644,199.34955003118597,138795.0,1624.339498018494,79.48568088836937,65.8011539078796,4329.791855608458
227,NM,2013,max,PER_DIEM,estimated_allowed_amount_C,181.8963588850174,142.68,166.985,232.945,1148.0,356.7,50.96,55.546922736011226,3085.460625440401
228,NM,2013,max,PER_DIEM_wage_adj,estimated_allowed_amount_C,196.9880941879018,155.4362496328937,181.33514986376025,251.5204414911589,1171.0,401.7344295528776,57.39385065885798,58.93857985012336,3473.756194749367
229,NV,2013,max,,no_valid_method,,,,,,,,,
230,NY,2013,max,,file_unavailable,,,,,,,,,
231,OH,2013,max,PER_DIEM,estimated_allowed_amount_C,167.2215666532672,154.1,170.45,182.4,480119.0,721.5,46.55,49.88859284621187,2488.8716961751024
232,OH,2013,max,PER_DIEM_wage_adj,estimated_allowed_amount_C,186.5311611105558,175.5907218729677,190.9760201935213,202.24321133412045,478572.0,1051.2895235319831,47.6800163884052,54.55852121557766,2976.632237230638
233,OK,2013,max,PER_DIEM,estimated_allowed_amount_C,142.88282156886387,138.09,141.68,144.43,157579.0,345.1,17.91,20.530587236054597,421.5050122572478
234,OK,2013,max,PER_DIEM_wage_adj,estimated_allowed_amount_C,175.68749201741787,166.00454029511917,175.84097859327215,182.07632018501863,154218.0,368.1099832969292,20.97616345062429,25.119604594019368,630.9945349598789
235,OR,2013,max,PER_DIEM,estimated_allowed_amount_C,259.4432235836903,212.13,256.47,257.0,33379.0,757.54,47.9,71.7143452992608,5142.947321701609
236,OR,2013,max,PER_DIEM_wage_adj,estimated_allowed_amount_C,237.64426590052383,191.61622549462464,223.26315789473685,268.3169211310868,32202.0,781.578947368421,41.03486678660156,68.30694992934734,4665.839408650364
237,PA,2013,max,PER_DIEM,estimated_allowed_amount_C,202.45718222415468,176.63,196.45,217.26,551985.0,1658.0,106.97,69.70153499270764,4858.303980339647
238,PA,2013,max,PER_DIEM_wage_adj,estimated_allowed_amount_C,228.14530922837272,199.11473500291208,218.20617355853236,245.363196125908,553359.0,2119.391537773233,95.31319611512072,80.20796448627183,6433.317567031045
239,RI,2013,max,PER_DIEM,estimated_allowed_amount_B,204.2775,201.6525,213.1,215.725,4.0,223.6,167.31,25.13714432866231,631.8760249999997
240,RI,2013,max,PER_DIEM_wage_adj,estimated_allowed_amount_B,190.9313954575194,188.477895130386,199.17749322366572,201.63099355079916,4.0,208.99149453219923,156.37910085054676,23.494854031836915,552.0081659773233
241,SC,2013,max,,no_valid_method,,,,,,,,,
242,SD,2013,max,PER_DIEM,estimated_allowed_amount_C,130.16813254035685,109.39,124.64,141.67,41195.0,1077.5,69.52,52.46049392008285,2752.1034223390493
243,SD,2013,max,PER_DIEM_wage_adj,estimated_allowed_amount_C,157.1783481752603,131.30231413096996,149.2983751846381,171.13490891186606,39133.0,1326.3170851797145,70.77267637178052,64.08718436178894,4107.167199421926
244,TN,2013,max,PER_DIEM,estimated_allowed_amount_B,,,,,0.0,,,,
245,TN,2013,max,PER_DIEM_wage_adj,estimated_allowed_amount_B,,,,,0.0,,,,
246,TX,2013,max,PER_DIEM,estimated_allowed_amount_B,105.81940831293198,78.0,100.4,131.5,2400982.0,1164.5,5.97,36.37419700950073,1323.082208085972
247,TX,2013,max,PER_DIEM_wage_adj,estimated_allowed_amount_B,118.83613036331236,87.78818081143663,113.49086253055523,146.92425012709708,2351906.0,1194.849168889801,5.610902255639097,41.84380904333332,1750.9043552549433
248,UT,2013,max,PER_DIEM,estimated_allowed_amount_C,188.1840047310757,161.57,170.27,181.09,40160.0,857.67,25.85,86.66231381967619,7510.356636580038
249,UT,2013,max,PER_DIEM_wage_adj,estimated_allowed_amount_C,227.8825352362496,182.27959836698665,192.1990510868366,206.7228730975583,46883.0,1131.0431227746274,28.62362971985384,129.7007275953306,16822.27873875815
250,VA,2013,max,PER_DIEM,estimated_allowed_amount_C,168.67008461528886,150.48,158.97,174.0,240973.0,2027.0,26.29,47.92596622304674,2296.898238412617
251,VA,2013,max,PER_DIEM_wage_adj,estimated_allowed_amount_C,187.81889311819685,167.26190476190473,180.33670774647885,196.777950310559,240245.0,896.0391954615782,28.931440519423354,47.49991707811657,2256.2421224279497
252,VT,2013,max,PER_DIEM,estimated_allowed_amount_C,213.62795256556444,189.5,206.87,233.56,21925.0,618.0,35.26,46.8112283908144,2191.291103456988
253,VT,2013,max,PER_DIEM_wage_adj,estimated_allowed_amount_C,213.8292850028833,188.70661198359508,204.4318766066838,230.27908372511757,21062.0,599.8251928020566,35.2705811743523,48.370656536120926,2339.720413735378
254,WA,2013,max,PER_DIEM,estimated_allowed_amount_C,185.72993623459337,171.0,182.57,198.5,126244.0,650.0,26.1,31.59522525232656,998.2582587452536
255,WA,2013,max,PER_DIEM_wage_adj,estimated_allowed_amount_C,167.63075746597409,153.17264287539393,166.20390086023338,175.85591708435987,119519.0,552.2045705547532,22.173137371506243,28.364377072595165,804.5378867163622
256,WI,2013,max,PER_DIEM,estimated_allowed_amount_C,163.65604876823127,148.63,157.1,167.94,167158.0,2272.0,37.94,42.34339591884088,1792.9631779397107
257,WI,2013,max,PER_DIEM_wage_adj,estimated_allowed_amount_C,170.51459960879018,154.34259461824544,164.26341758131105,175.34991440942505,157150.0,2090.5265429434617,33.46859562455893,43.68970052155648,1908.7899316632927
258,WV,2013,max,PER_DIEM,estimated_allowed_amount_C,254.7007751796593,199.13,214.0,281.2,82239.0,1582.5,98.91,114.8072641092721,13180.707892256156
259,WV,2013,max,PER_DIEM_wage_adj,estimated_allowed_amount_C,332.2723918553666,259.1845083867449,289.06313923360153,357.56170735033413,80341.0,2305.842925834183,95.78759733558492,150.540329565597,22662.39082571856
260,WY,2013,max,PER_DIEM,estimated_allowed_amount_C,171.69403511915425,148.94,167.73,179.7,16743.0,839.5,54.16,51.19884593171385,2621.321824739372
261,WY,2013,max,PER_DIEM_wage_adj,estimated_allowed_amount_C,186.11758386982163,162.02641264342932,178.75081186403983,195.55098506170168,14716.0,908.746481922494,58.62740852998484,56.8908576713311,3236.569686579652
262,AK,2014,max,,file_unavailable,,,,,,,,,
263,AL,2014,max,,file_unavailable,,,,,,,,,
264,AR,2014,max,,no_valid_method,,,,,,,,,
265,AZ,2014,max,,file_unavailable,,,,,,,,,
266,CA,2014,max,PER_DIEM,estimated_allowed_amount_C,213.58182630989057,167.8,186.5,220.87,512142.0,2170.67,17.06,97.40185763526,9487.12187079946
267,CA,2014,max,PER_DIEM_wage_adj,estimated_allowed_amount_C,161.18644135248186,127.8586562852981,144.02685662818308,160.08697753080455,496451.0,1105.8610636372775,10.007038948850305,75.85681922495314,5754.25702292722
268,CO,2014,max,,file_unavailable,,,,,,,,,
269,CT,2014,max,,file_unavailable,,,,,,,,,
270,DC,2014,max,,file_unavailable,,,,,,,,,
271,DE,2014,max,,file_unavailable,,,,,,,,,
272,FL,2014,max,,no_valid_method,,,,,,,,,
273,GA,2014,max,,no_valid_method,,,,,,,,,
274,HI,2014,max,PER_DIEM,estimated_allowed_amount_C,75.01142857142857,7.58,29.07,139.54000000000002,7.0,195.62,6.15,80.56282112500188,6490.368147619048
275,HI,2014,max,PER_DIEM_wage_adj,estimated_allowed_amount_C,104.61402365210913,65.8417916007077,104.61402365210913,143.38625570351056,2.0,182.158487754912,27.069559549306263,109.66443282113742,12026.287825981764
276,IA,2014,max,PER_DIEM,estimated_allowed_amount_C,172.29863062720813,150.26,166.77,179.9,131615.0,2380.5,89.97,74.43400943043171,5540.421759889598
277,IA,2014,max,PER_DIEM_wage_adj,estimated_allowed_amount_C,197.83716453696525,173.9178937974119,190.3197642693441,204.470002371354,130849.0,2567.5835902300214,91.30302415262835,85.26985838446154,7270.948748906127
278,ID,2014,max,,no_valid_method,,,,,,,,,
279,IL,2014,max,,no_valid_method,,,,,,,,,
280,IN,2014,max,PER_DIEM,estimated_allowed_amount_C,188.1047063902583,168.11,179.65,192.79,494534.0,892.4,17.74,50.54644015978644,2554.942612826871
281,IN,2014,max,PER_DIEM_wage_adj,estimated_allowed_amount_C,205.95584741149025,180.84350721420645,197.26300951485965,214.2487959591213,482514.0,927.7575472806296,17.550455085081122,55.81028630519927,3114.788057468313
282,KS,2014,max,,file_unavailable,,,,,,,,,
283,KY,2014,max,PER_DIEM,estimated_allowed_amount_C,189.31073764067463,168.2,180.93,197.63,167141.0,1608.5,32.16,58.72802740410398,3448.9812027771886
284,KY,2014,max,PER_DIEM_wage_adj,estimated_allowed_amount_C,229.67916545843192,209.62230215827336,219.2574511819116,232.05500894454383,158720.0,1692.2533401849948,33.95987328405491,71.17079471979783,5065.282021047603
285,LA,2014,max,PER_DIEM,estimated_allowed_amount_B,134.9261726334643,120.7,134.12,146.19,196532.0,536.5,34.61,38.43952082557957,1477.5967613001656
286,LA,2014,max,PER_DIEM_wage_adj,estimated_allowed_amount_B,169.41414283097993,149.53197099538565,167.49195345382523,184.15293342122607,177380.0,712.9568106312292,39.54524680073126,49.78849874136864,2478.894606919267
287,MA,2014,max,PER_DIEM,estimated_allowed_amount_C,209.04975174514448,171.68,202.83,225.82,294818.0,1674.0,39.45,85.23542758804788,7265.078116117355
288,MA,2014,max,PER_DIEM_wage_adj,estimated_allowed_amount_C,177.30048711771911,146.84191638255874,171.0298222418099,196.0075363359053,277836.0,1439.9171270718232,29.94711326575584,67.43317265536817,4547.232774368693
289,MD,2014,max,,file_unavailable,,,,,,,,,
290,ME,2014,max,,no_valid_method,,,,,,,,,
291,MI,2014,max,PER_DIEM,estimated_allowed_amount_C,197.9126101548622,169.8,191.84,207.52,259521.0,950.0,60.68,63.40021420524764,4019.587161271285
292,MI,2014,max,PER_DIEM_wage_adj,estimated_allowed_amount_C,223.70049061125783,185.12504059759664,212.65562412038545,243.51874244256348,263389.0,1137.243047158404,54.785120982304086,73.6403872393473,5422.906632761025
293,MO,2014,max,PER_DIEM,estimated_allowed_amount_C,172.67725842882086,146.27,154.42,161.06,230222.0,2437.0,37.52,71.3440079948675,5089.967476771718
294,MO,2014,max,PER_DIEM_wage_adj,estimated_allowed_amount_C,200.26120546344083,168.85783846723828,177.7491961414791,194.5355185610726,233943.0,3134.405144694534,39.71631205673759,83.72624334400147,7010.083824498952
295,MS,2014,max,PER_DIEM,estimated_allowed_amount_C,192.50039646650544,174.89,188.9,203.27,161653.0,412.0,26.58,33.064279005265085,1093.2465461380136
296,MS,2014,max,PER_DIEM_wage_adj,estimated_allowed_amount_C,246.78406008772703,225.10570824524316,243.731778425656,260.09556481254594,161843.0,544.3974630021141,32.56554765988728,43.33934627282877,1878.2989353561568
297,MT,2014,max,,file_unavailable,,,,,,,,,
298,NC,2014,max,,no_valid_method,,,,,,,,,
299,ND,2014,max,,no_valid_method,,,,,,,,,
300,NE,2014,max,,no_valid_method,,,,,,,,,
301,NH,2014,max,,no_valid_method,,,,,,,,,
302,NJ,2014,max,PER_DIEM,estimated_allowed_amount_C,214.8916630992374,199.03,207.89,216.94,275642.0,1607.5,103.71,78.25166792333955,6123.323532784609
303,NJ,2014,max,PER_DIEM_wage_adj,estimated_allowed_amount_C,198.6346783482543,180.714635340186,190.27777777777777,201.4043300175541,137968.0,1744.4384156266956,84.6059716103769,72.33679783971938,5232.612321704431
304,NM,2014,max,,file_unavailable,,,,,,,,,
305,NV,2014,max,,no_valid_method,,,,,,,,,
306,NY,2014,max,,file_unavailable,,,,,,,,,
307,OH,2014,max,PER_DIEM,estimated_allowed_amount_C,163.58197210916703,154.67,170.26,181.48,275431.0,565.5,36.48,42.64977588051416,1819.003382658087
308,OH,2014,max,PER_DIEM_wage_adj,estimated_allowed_amount_C,184.1737357181089,177.7127850065656,190.58135370657757,202.51880148024352,278107.0,847.4449273190469,37.21309803121493,47.661812063904975,2271.648329214998
309,OK,2014,max,PER_DIEM,estimated_allowed_amount_C,144.68974313164745,140.39,143.52,146.0,155605.0,704.2,11.68,20.96032082682763,439.3350491635441
310,OK,2014,max,PER_DIEM_wage_adj,estimated_allowed_amount_C,179.11929353603293,166.8431129631715,179.45223260643823,186.3577362409138,152124.0,864.5794966236956,15.160955347871235,26.66436397302193,710.9883060857899
311,OR,2014,max,PER_DIEM,estimated_allowed_amount_C,285.7401918066238,257.0,257.55,286.29,31855.0,1545.0,49.84,71.97897137211491,5180.972319787737
312,OR,2014,max,PER_DIEM_wage_adj,estimated_allowed_amount_C,259.7459411749246,218.8934217236104,231.02798708288483,273.0047694753577,30779.0,1637.5198728139906,42.35934047254802,69.73719015363399,4863.275690524105
313,PA,2014,max,PER_DIEM,estimated_allowed_amount_C,206.49391790435337,180.13,199.73,221.1,557155.0,1723.0,111.16,71.67160769490326,5136.819349572115
314,PA,2014,max,PER_DIEM_wage_adj,estimated_allowed_amount_C,230.6392023155361,200.6175684394875,221.40278494069108,246.4026044492675,559582.0,2170.0251889168767,98.65104721334752,81.6685376112159,6669.750035554585
315,RI,2014,max,,file_unavailable,,,,,,,,,
316,SC,2014,max,,no_valid_method,,,,,,,,,
317,SD,2014,max,PER_DIEM,estimated_allowed_amount_C,136.59295724407525,113.23,129.735,148.19,40930.0,1167.72,75.34,57.41506115650856,3296.489247605618
318,SD,2014,max,PER_DIEM_wage_adj,estimated_allowed_amount_C,164.74752474237633,136.4818420269668,156.43067123958843,178.83390494855462,40844.0,1430.328270455659,78.74163879598663,67.42501074892597,4546.132074492783
319,TN,2014,max,PER_DIEM,estimated_allowed_amount_B,,,,,0.0,,,,
320,TN,2014,max,PER_DIEM_wage_adj,estimated_allowed_amount_B,,,,,0.0,,,,
321,TX,2014,max,PER_DIEM,estimated_allowed_amount_B,111.43021285640329,82.47,107.29,138.5,3011091.0,1237.0,6.55,37.57219554765084,1411.669878270914
322,TX,2014,max,PER_DIEM_wage_adj,estimated_allowed_amount_B,125.6027699135623,92.71691587834404,121.19851868477164,155.249621785174,2953225.0,1291.7710944026733,6.606152294503278,43.49234750131552,1891.5842911751868
323,UT,2014,max,PER_DIEM,estimated_allowed_amount_C,191.15040008082445,164.27,173.27,183.5,39592.0,862.2,78.55,88.50949181669857,7833.930141650231
324,UT,2014,max,PER_DIEM_wage_adj,estimated_allowed_amount_C,224.3989393681094,181.57524613220815,190.3743315508021,203.31254472957775,43711.0,1133.7278106508877,84.01069518716577,129.1980866491308,16692.145593796307
325,VA,2014,max,,file_unavailable,,,,,,,,,
326,VT,2014,max,,file_unavailable,,,,,,,,,
327,WA,2014,max,PER_DIEM,estimated_allowed_amount_C,192.4972384083347,175.44,189.86,205.5,125931.0,657.75,26.52,31.488168565308357,991.504759597273
328,WA,2014,max,PER_DIEM_wage_adj,estimated_allowed_amount_C,172.76853325717633,158.1081081081081,170.13456686291,181.90573595840792,120802.0,560.5983124520583,22.60291485553567,28.647139123043416,820.6585799350048
329,WI,2014,max,,file_unavailable,,,,,,,,,
330,WV,2014,max,PER_DIEM,estimated_allowed_amount_C,264.87783590991506,204.32,221.14,294.61,83832.0,1508.5,13.86,118.75418969152076,14102.557569289696
331,WV,2014,max,PER_DIEM_wage_adj,estimated_allowed_amount_C,343.277870595217,265.4921020656136,295.8118641828511,380.8843453627295,80757.0,2260.602427693691,18.311533888228297,154.20168936944904,23778.16100439205
332,WY,2014,max,PER_DIEM,estimated_allowed_amount_C,169.5044395358426,149.69,167.71,179.7,16977.0,796.33,37.87,38.94325899667988,1516.5774212824886
333,WY,2014,max,PER_DIEM_wage_adj,estimated_allowed_amount_C,183.6455067151525,164.00884769327996,181.29395218002813,195.4452017743157,15292.0,861.5492805366223,40.97154603483717,46.20363779921755,2134.776145881285
334,AK,2015,max,,file_unavailable,,,,,,,,,
335,AL,2015,max,,file_unavailable,,,,,,,,,
336,AR,2015,max,,no_valid_method,,,,,,,,,
337,AZ,2015,max,,file_unavailable,,,,,,,,,
338,CA,2015,max,PER_DIEM,estimated_allowed_amount_C,222.494544331922,173.29,194.17,232.15,209736.0,1112.0,18.26,98.24786898673416,9652.64376043448
339,CA,2015,max,PER_DIEM_wage_adj,estimated_allowed_amount_C,158.72928812615183,126.62341457712314,141.9229598051157,159.48589233166004,369987.0,1136.1288989878126,13.232801449529488,74.85756753297927,5603.655416954553
340,CO,2015,max,,file_unavailable,,,,,,,,,
341,CT,2015,max,PER_DIEM,estimated_allowed_amount_C,242.18038696217369,217.2,235.03,243.93,311555.0,1600.0,66.74,81.28747938618578,6607.654304959578
342,CT,2015,max,PER_DIEM_wage_adj,estimated_allowed_amount_C,209.8801857127048,184.75582336541052,201.0610279178268,214.63261084629912,546022.0,1416.555998229305,50.2219881104673,71.31083709604646,5085.235487338875
343,DC,2015,max,,file_unavailable,,,,,,,,,
344,DE,2015,max,,file_unavailable,,,,,,,,,
345,FL,2015,max,,no_valid_method,,,,,,,,,
346,GA,2015,max,,no_valid_method,,,,,,,,,
347,HI,2015,max,,file_unavailable,,,,,,,,,
348,IA,2015,max,PER_DIEM,estimated_allowed_amount_C,176.35902151414012,153.94,169.94,185.26,154596.0,2797.0,90.23,73.93479526385019,5466.353950707446
349,IA,2015,max,PER_DIEM_wage_adj,estimated_allowed_amount_C,201.1907934291465,175.61581920903953,194.83490321912845,208.0170157068063,340884.0,3939.991548105367,91.30742764622546,84.52021546858658,7143.666822856303
350,ID,2015,max,,no_valid_method,,,,,,,,,
351,IL,2015,max,,no_valid_method,,,,,,,,,
352,IN,2015,max,,file_unavailable,,,,,,,,,
353,KS,2015,max,,file_unavailable,,,,,,,,,
354,KY,2015,max,,file_unavailable,,,,,,,,,
355,LA,2015,max,PER_DIEM,estimated_allowed_amount_B,137.20726262859122,122.77,136.27,148.58,208218.0,566.0,36.52,40.05276350397657,1604.2238643054775
356,LA,2015,max,PER_DIEM_wage_adj,estimated_allowed_amount_B,167.47595263241456,145.79979594150325,164.66146166645336,182.7678231033168,820816.0,796.2858750703433,38.63732543377064,52.05993776388237,2710.2371199793056
357,MA,2015,max,,file_unavailable,,,,,,,,,
358,MD,2015,max,,file_unavailable,,,,,,,,,
359,ME,2015,max,,no_valid_method,,,,,,,,,
360,MI,2015,max,PER_DIEM,estimated_allowed_amount_C,203.67172204961105,172.81,197.68,211.0,158352.0,950.0,61.13,65.30330999751,4264.522296630889
361,MI,2015,max,PER_DIEM_wage_adj,estimated_allowed_amount_C,220.1628566306318,190.29690189328744,211.37496024594503,229.1626447876448,353357.0,1194.0768746061751,58.61013174986083,70.87554399941133,5023.3427372124925
362,MO,2015,max,PER_DIEM,estimated_allowed_amount_C,172.85579969935893,147.6,155.33,162.06,168307.0,2459.0,38.74,68.86633836172167,4742.572559351139
363,MO,2015,max,PER_DIEM_wage_adj,estimated_allowed_amount_C,192.06079266842767,164.5526371983771,171.8557794273595,179.23339739483237,1368362.0,2625.453768951527,41.36237454623105,77.01503503187583,5931.31562096106
364,MS,2015,max,PER_DIEM,estimated_allowed_amount_C,196.95203691232413,179.68,193.45,208.1,109882.0,361.0,31.1,31.16070098957277,970.9892861615616
365,MS,2015,max,PER_DIEM_wage_adj,estimated_allowed_amount_C,246.56621917970884,219.66974900924703,237.98242687131577,267.6787899010121,262632.0,476.8824306472919,40.0721556500451,41.78854097200857,1746.2821565692386
366,MT,2015,max,,file_unavailable,,,,,,,,,
367,NC,2015,max,,no_valid_method,,,,,,,,,
368,ND,2015,max,,no_valid_method,,,,,,,,,
369,NE,2015,max,,no_valid_method,,,,,,,,,
370,NH,2015,max,,no_valid_method,,,,,,,,,
371,NJ,2015,max,PER_DIEM,estimated_allowed_amount_C,216.44777041882577,200.71,209.675,218.92,257434.0,2237.33,112.99,80.5920345197223,6495.076028028112
372,NJ,2015,max,PER_DIEM_wage_adj,estimated_allowed_amount_C,177.34759379112415,158.3625457661447,167.43787489288775,181.90387162109525,2005892.0,2731.11572265625,88.01900755628262,68.19658849916026,4650.774682923798
373,NM,2015,max,,file_unavailable,,,,,,,,,
374,NV,2015,max,,no_valid_method,,,,,,,,,
375,NY,2015,max,,file_unavailable,,,,,,,,,
376,OH,2015,max,,file_unavailable,,,,,,,,,
377,OK,2015,max,,file_unavailable,,,,,,,,,
378,OR,2015,max,PER_DIEM,estimated_allowed_amount_C,343.6550608464007,257.57,272.0,350.07500000000005,33034.0,3699.0,52.65,167.07952731350005,27915.56844730261
379,OR,2015,max,PER_DIEM_wage_adj,estimated_allowed_amount_C,294.9338079214773,215.79256032171585,227.8820375335121,301.9101876675603,134897.0,3099.028150134048,44.11025469168901,146.60070710080848,21491.76732245704
380,PA,2015,max,PER_DIEM,estimated_allowed_amount_C,204.87435546435756,179.57,198.58,219.26,644751.0,1620.0,104.52,68.54626803136654,4698.590861027943
381,PA,2015,max,PER_DIEM_wage_adj,estimated_allowed_amount_C,228.371285523212,198.87762134488528,221.7617779835629,244.7100098673391,1873652.0,2080.9248554913297,93.04727143238672,78.09328287142475,6098.5608296363625
382,RI,2015,max,,file_unavailable,,,,,,,,,
383,SC,2015,max,,no_valid_method,,,,,,,,,
384,SD,2015,max,PER_DIEM,estimated_allowed_amount_C,146.1438901540523,119.94,138.35,156.64,37325.0,1173.5,75.71,66.43957310007872,4414.216873720704
385,SD,2015,max,PER_DIEM_wage_adj,estimated_allowed_amount_C,175.11172657933238,143.50873289576148,165.29114533205004,187.21696417874688,69566.0,1411.8142444658324,84.22516408944264,82.10261223512408,6740.838935831146
386,TN,2015,max,PER_DIEM,estimated_allowed_amount_B,,,,,0.0,,,,
387,TN,2015,max,PER_DIEM_wage_adj,estimated_allowed_amount_B,,,,,0.0,,,,
388,TX,2015,max,,file_unavailable,,,,,,,,,
389,UT,2015,max,PER_DIEM,estimated_allowed_amount_C,197.8837874746613,170.4,178.29,188.79,37492.0,873.67,50.93,89.21066515595317,7958.542777567595
390,UT,2015,max,PER_DIEM_wage_adj,estimated_allowed_amount_C,226.08837996974245,183.739837398374,192.9539295392954,206.37260460369657,90049.0,1180.9543119762095,53.60488369645301,123.52753221751009,15259.05121574799
391,VA,2015,max,,file_unavailable,,,,,,,,,
392,VT,2015,max,PER_DIEM,estimated_allowed_amount_C,223.70633953942067,198.0,216.81,245.0,23579.0,1135.71,60.29,50.34167046405778,2534.283785111787
393,VT,2015,max,PER_DIEM_wage_adj,estimated_allowed_amount_C,238.815024430462,202.47999209564276,229.8587096136745,258.1741366642175,39554.0,725.09765625,63.28330009446835,55.25182263397808,3052.763904376573
394,WA,2015,max,,file_unavailable,,,,,,,,,
395,WI,2015,max,,file_unavailable,,,,,,,,,
396,WV,2015,max,PER_DIEM,estimated_allowed_amount_C,276.0192771591825,210.23,229.29,310.1,54604.0,1561.08,88.41,122.81398831458864,15083.275725735914
397,WV,2015,max,PER_DIEM_wage_adj,estimated_allowed_amount_C,340.5509754988576,247.3314958656978,297.17529163351674,387.2154579142403,138014.0,2443.0046948356808,113.848066922903,157.81596543521707,24905.878946249628
398,WY,2015,max,PER_DIEM,estimated_allowed_amount_C,180.0691748204287,166.55,174.9,186.23,17681.0,769.25,43.81,43.79166594110204,1917.710005897076
399,WY,2015,max,PER_DIEM_wage_adj,estimated_allowed_amount_C,193.31396790944075,169.71262512108493,187.0304595845442,200.48433968356477,16931.0,917.8156258448228,40.57090239410682,58.2625097476812,3394.5200420986466
400,AK,2014,taf,PER_DIEM,allowed_amount,671.1116942965781,547.52,650.29,715.48,6575.0,4008.26,209.29,277.9306416080783,77245.44154467808
401,AK,2014,taf,PER_DIEM_wage_adj,allowed_amount,415.4872041331251,178.95710681244742,227.3675357443229,391.4634146341463,7.0,1364.179983179142,176.02186711522288,438.44019367018535,192229.8034255496
402,AL,2014,taf,PER_DIEM,allowed_amount,196.006760513104,178.93,190.08,202.34,260532.0,503.42,89.74,42.95856921899063,1845.4386693428091
403,AL,2014,taf,PER_DIEM_wage_adj,allowed_amount,,,,,0.0,,,,
404,CO,2014,taf,PER_DIEM,allowed_amount,203.03971858010877,184.94,199.41,213.75,272049.0,877.01,19.86,38.40391063999172,1474.8603524444688
405,CO,2014,taf,PER_DIEM_wage_adj,allowed_amount,671.4779302589084,636.9036027263876,697.996205833531,697.996205833531,5.0,721.0803527682509,603.4132841328413,49.23164219861893,2423.754593572836
406,DE,2014,taf,PER_DIEM,allowed_amount,428.2316216216216,347.52,420.25,474.19,37.0,685.77,347.52,75.75018670726949,5738.090786186188
407,DE,2014,taf,PER_DIEM_wage_adj,allowed_amount,345.23441265817706,308.68958425150583,355.301093957673,429.6595440139045,49.0,694.5913096323306,255.26663728514765,81.69598565436526,6674.234072038255
408,FL,2014,taf,PER_DIEM,allowed_amount,221.50823522188796,202.43,216.76,230.76,179167.0,630.8,29.3,41.70531449771027,1739.333257352922
409,FL,2014,taf,PER_DIEM_wage_adj,allowed_amount,248.56100534836892,226.79024605539004,244.11342822464968,260.3085399449036,177785.0,584.6530191837261,28.23280015417229,47.731996024724936,2278.3434445043567
410,IL,2014,taf,PER_DIEM,allowed_amount,135.1678973552198,123.27,139.41,159.44,505335.0,429.58,10.99,36.071466215003575,1301.1506749001442
411,IL,2014,taf,PER_DIEM_wage_adj,allowed_amount,140.34368004356207,132.09795458810282,147.9170666154732,160.60411311053986,494478.0,484.45016077170425,10.311503096265715,35.69705622179533,1274.2798229020166
412,KS,2014,taf,PER_DIEM,allowed_amount,157.44854857819905,136.1,158.82,177.36,1688.0,750.0,30.98,46.96370705687557,2205.5897805240243
413,KS,2014,taf,PER_DIEM_wage_adj,allowed_amount,183.1021988079474,164.63427543135387,185.15036564743565,201.8854836675495,1658.0,793.9028262940616,35.715932672354164,52.82059180522639,2790.014918654349
414,MD,2014,taf,PER_DIEM,allowed_amount,227.54163061227436,221.87,236.17,248.27,207603.0,988.8,3.62,64.21172560762602,4123.145705509056
415,MD,2014,taf,PER_DIEM_wage_adj,allowed_amount,238.9923181001928,229.3021371416996,245.92322495695333,267.1228150873965,217350.0,1001.519295047098,3.417351080902483,68.44462434207712,4684.666601328056
416,ME,2014,taf,PER_DIEM,allowed_amount,201.20872332475292,171.93,188.64,209.33,48172.0,1178.16,75.27,87.50100064910103,7656.425114593979
417,ME,2014,taf,PER_DIEM_wage_adj,allowed_amount,222.66858340693065,186.8951006913135,208.32726389900463,233.44258315125032,44873.0,1430.1529497450838,76.15469391844505,98.74566982979428,9750.70731013474
418,MT,2014,taf,PER_DIEM,allowed_amount,171.15506071428572,165.65,167.25,169.72,25200.0,417.05,23.17,30.31087499918623,918.7491432162929
419,MT,2014,taf,PER_DIEM_wage_adj,allowed_amount,183.2105957353264,182.2076280501209,182.6885029676852,183.69147065289076,4.0,186.70037370850736,180.765003297428,2.4969737944460797,6.2348781301504514
420,NC,2014,taf,PER_DIEM,allowed_amount,161.55912014658028,153.67,158.38,164.37,779914.0,547.0,14.87,21.321417996080868,454.6028653636011
421,NC,2014,taf,PER_DIEM_wage_adj,allowed_amount,188.0182780633001,175.1032073674182,185.96325953838905,195.9753086419753,755439.0,603.4495192307693,15.379046437066917,27.08550370072121,733.6245107217824
422,ND,2014,taf,PER_DIEM,allowed_amount,246.61396817195407,197.54,234.88,275.2825,38708.0,1898.94,122.51,115.25780686172232,13284.362042574088
423,ND,2014,taf,PER_DIEM_wage_adj,allowed_amount,329.6435753968755,259.46919762383266,313.79513633014,375.2542372881357,48944.0,2798.732498157701,105.05059166523752,159.74592590098172,25518.760841961943
424,NE,2014,taf,PER_DIEM,allowed_amount,107.87189400335178,69.29,120.82,151.59,79361.0,852.59,-112.65,62.852594773050846,3950.4486697053385
425,NE,2014,taf,PER_DIEM_wage_adj,allowed_amount,118.68109071940928,66.71827978161204,132.89257892578925,168.99283483722317,82966.0,1044.328760411563,-127.2162619988707,75.23158779611106,5659.791802323967
426,NH,2014,taf,PER_DIEM,allowed_amount,421.81947133283694,265.04,510.11,510.11,1343.0,622.16,88.28,169.8506542314886,28849.24474286469
427,NH,2014,taf,PER_DIEM_wage_adj,allowed_amount,273.63249056195497,143.20096268925425,209.0920126244234,411.0648998936067,616.0,563.3110499410145,85.38543379437083,154.31791290784693,23814.01824423383
428,NM,2014,taf,PER_DIEM,allowed_amount,200.0255555555556,168.405,231.085,250.3875,18.0,272.47,85.03,65.30532698047033,4264.785732026145
429,NM,2014,taf,PER_DIEM_wage_adj,allowed_amount,209.5270887051211,174.27817447997515,238.2713420706148,265.57487322777604,18.0,281.9724723170858,87.99544654869088,67.71023983339616,4584.676578296027
430,NV,2014,taf,PER_DIEM,allowed_amount,152.60824831784683,114.09,117.04,125.82,62420.0,3808.35,16.24,95.46138588630856,9112.876195334711
431,NV,2014,taf,PER_DIEM_wage_adj,allowed_amount,149.84249298014967,99.73337920357788,103.06183882342822,119.6106914584544,65145.0,3275.436484045755,13.967489464178204,101.85592060802716,10374.628562908732
432,RI,2014,taf,PER_DIEM,allowed_amount,288.56061273627364,184.04,219.82,259.93,44440.0,1116.48,19.09,229.4649837073683,52654.1787478228
433,RI,2014,taf,PER_DIEM_wage_adj,allowed_amount,269.04250838199744,172.3028750355821,206.12961381535249,242.38542556219755,41467.0,1059.3794477654426,18.113673024006072,220.98237215376437,48833.20880270481
434,WI,2014,taf,PER_DIEM,allowed_amount,163.1364072527405,149.13,157.34,165.8,65134.0,2332.59,31.48,40.81539448326479,1665.896426824522
435,WI,2014,taf,PER_DIEM_wage_adj,allowed_amount,171.36531086232392,156.3054135808908,166.55844155844156,175.36525974025977,62373.0,2366.6700487012986,27.580164710005256,43.02756036584619,1851.3709510365384
436,AK,2015,taf,PER_DIEM,allowed_amount,723.7543192632386,561.35,672.16,776.8,6515.0,6060.22,270.31,353.8434551565815,125205.19075714772
437,AK,2015,taf,PER_DIEM_wage_adj,allowed_amount,545.2952569501886,354.2770398481974,500.9715370018976,599.3238369996394,6435.0,3777.335016227912,217.65842660439648,306.3182478745916,93830.86898095974
438,AL,2015,taf,PER_DIEM,allowed_amount,202.281038052481,185.52,197.59,208.98,254149.0,500.0,32.26,42.010020437248855,1764.8418171380667
439,AL,2015,taf,PER_DIEM_wage_adj,allowed_amount,257.9873497872673,232.521403593392,248.8451893889402,266.7236536817682,673323.0,723.1703789412785,42.79082106380156,57.18223381680255,3269.807864279477
440,AZ,2015,taf,PER_DIEM,allowed_amount,178.51192425487412,143.24,156.08,185.57,13387.0,1100.0,18.56,64.68785460786881,4184.518533768775
441,AZ,2015,taf,PER_DIEM_wage_adj,allowed_amount,185.7806802816056,155.37476949777633,169.30252738908777,187.8428637842864,15537.0,1059.424058557257,18.164307040354423,74.5664337283381,5560.153038962638
442,CO,2015,taf,PER_DIEM,allowed_amount,208.82949511494877,190.05,206.69,219.74,276558.0,877.01,21.15,38.28606237882991,1465.8225724756549
443,CO,2015,taf,PER_DIEM_wage_adj,allowed_amount,206.77343660691747,190.6798350752709,203.49026752325247,213.38575127049572,1894576.0,880.5074697652359,20.27998849362355,38.54110707799213,1485.416934797255
444,DC,2015,taf,PER_DIEM,allowed_amount,294.01862503271394,272.49,290.41,299.92,61136.0,5023.55,26.82,62.23284880002975,3872.927469767364
445,DC,2015,taf,PER_DIEM_wage_adj,allowed_amount,253.586188901168,222.2820340286456,231.2698260117274,266.6826876862444,62260.0,761.6745169662597,25.78102470441219,67.09594296981224,4501.865563008298
446,DE,2015,taf,PER_DIEM,allowed_amount,436.7775,347.52,420.25,472.5,36.0,931.99,347.52,104.36592425212363,10892.246145000012
447,DE,2015,taf,PER_DIEM_wage_adj,allowed_amount,379.3751439471975,285.1052922154744,331.4535846675605,428.5702205496007,120.0,1137.68310546875,274.09101664169094,130.992442916671,17159.020101277307
448,FL,2015,taf,PER_DIEM,allowed_amount,231.0328499638135,209.25,225.13,243.86,98103.0,709.65,27.74,42.11496140821258,1773.6699744152352
449,FL,2015,taf,PER_DIEM_wage_adj,allowed_amount,253.7877606164864,229.35213750550903,247.8898860053359,267.94998354721946,225899.0,574.366961414791,27.873794212218648,45.02315347786866,2027.0843490917168
450,HI,2015,taf,PER_DIEM,allowed_amount,101.4625,46.345,90.69,160.27499999999998,8.0,185.53,23.89,63.14661980547448,3987.495592857142
451,HI,2015,taf,PER_DIEM_wage_adj,allowed_amount,112.16714789862048,102.5765960859801,132.17035611164582,141.7609079242862,4.0,148.80494064805904,35.52293872313122,52.031490890380425,2707.276044275741
452,IL,2015,taf,PER_DIEM,allowed_amount,138.5388544873824,124.58,141.39,163.21,417036.0,433.62,15.07,36.75436811625136,1350.8835756249143
453,IL,2015,taf,PER_DIEM_wage_adj,allowed_amount,141.6924300790385,131.78396463137773,148.37912936091388,163.79690949227373,1962556.0,486.52168717887446,14.400382226469183,35.96879229143139,1293.7540189041342
454,IN,2015,taf,PER_DIEM,allowed_amount,188.12226397865723,175.61,187.05,195.13,727180.0,402.75,3.64,27.004418527498565,729.2386200083077
455,IN,2015,taf,PER_DIEM_wage_adj,allowed_amount,200.282331989921,184.46659429586495,195.1445771242475,210.83588275930128,3627559.0,397.463732359617,3.59222342840225,33.349229898884666,1112.1711348486629
456,KS,2015,taf,PER_DIEM,allowed_amount,167.49071586949634,147.33,164.54,180.8,3157.0,750.0,23.86,47.13893074136501,2222.0787914392067
457,KS,2015,taf,PER_DIEM_wage_adj,allowed_amount,194.0198207461281,170.58324496288444,188.2608695652174,205.68398727465535,18002.0,795.3340402969247,25.30222693531283,64.97323422097575,4221.521165133774
458,KY,2015,taf,PER_DIEM,allowed_amount,196.0795056823348,172.36,185.74,200.64,219980.0,1801.1,34.49,58.86556073953364,3465.154241179724
459,KY,2015,taf,PER_DIEM_wage_adj,allowed_amount,236.31582815761377,212.3997675769901,224.4801013406524,236.89715281812897,1050785.0,2324.5998967475475,39.343397023118335,65.26020242230126,4258.894020199735
460,MA,2015,taf,PER_DIEM,allowed_amount,224.2578392965281,176.35,206.12,230.38,358337.0,4685.4,31.38,126.87551530021382,16097.396382694791
461,MA,2015,taf,PER_DIEM_wage_adj,allowed_amount,197.31036667282856,155.40657780582063,181.45751953125,208.7467465888477,915704.0,4198.763330047495,24.749585929489704,106.74390518057096,11394.261293198724
462,MD,2015,taf,PER_DIEM,allowed_amount,230.29289723707063,229.21,242.34,252.65,208402.0,1358.31,7.53,58.20352126511658,3387.6498876588776
463,MD,2015,taf,PER_DIEM_wage_adj,allowed_amount,232.45005660223768,231.5075376884422,241.58793969849245,253.26633165829145,1587870.0,1365.1356783919598,7.218174846625768,61.352980584743214,3764.188226631878
464,ME,2015,taf,PER_DIEM,allowed_amount,216.17392328743696,184.8375,204.38,227.805,46772.0,1191.34,76.86,88.9596065264168,7913.8115933349
465,ME,2015,taf,PER_DIEM_wage_adj,allowed_amount,229.84084087368885,196.0310355117875,218.05431214562816,244.6463940347198,76475.0,1388.022835838285,76.45478961504028,93.38131239617456,8720.069504831947
466,MT,2015,taf,PER_DIEM,allowed_amount,175.316630109671,169.16,171.12,173.6,31093.0,526.26,17.25,37.03511779505204,1371.59995009338
467,MT,2015,taf,PER_DIEM_wage_adj,allowed_amount,211.29302151310003,187.77703900709216,192.96320921985816,199.64310384526823,485.0,605.8715173842966,37.62189716312057,90.81523809123269,8247.407469567277
468,NC,2015,taf,PER_DIEM,allowed_amount,165.43094495590776,157.41,163.01,169.04,706361.0,547.0,16.06,21.73376045073085,472.3563433297524
469,NC,2015,taf,PER_DIEM_wage_adj,allowed_amount,188.2160262144645,175.0799074176127,184.972453405228,195.55737897081235,2502465.0,588.248388986526,16.37438825448613,27.262145366235124,743.2245699697353
470,ND,2015,taf,PER_DIEM,allowed_amount,258.4071747201821,207.01,244.36,288.15,36899.0,1931.26,124.6,121.79318180929292,14833.579135231485
471,ND,2015,taf,PER_DIEM_wage_adj,allowed_amount,322.71134836721245,231.71668453018935,304.58961245439457,387.434554973822,100294.0,2740.542074641692,109.31742410949288,168.45635946023876,28377.545042597176
472,NE,2015,taf,PER_DIEM,allowed_amount,107.00366819052545,57.87,122.19,154.51,85091.0,873.79,-132.9,67.14814498851834,4508.873375399081
473,NE,2015,taf,PER_DIEM_wage_adj,allowed_amount,115.60797312958331,60.6511208741692,129.6139116033537,169.7132801987372,285674.0,1033.9486451307537,-137.56339923403377,75.55866275488476,5709.11151730641
474,NM,2015,taf,PER_DIEM,allowed_amount,229.45555555555555,175.56,242.78,265.52,45.0,277.46,157.82,42.216953701066345,1782.2711797979794
475,NM,2015,taf,PER_DIEM_wage_adj,allowed_amount,249.17301819761644,203.1827503258561,262.09115847225155,283.93120911584725,138.0,292.7410846170078,176.83055496940284,42.83783003544888,1835.079682146006
476,NV,2015,taf,PER_DIEM,allowed_amount,153.2969344209901,114.32,118.39,123.43,65707.0,778.4,15.46,94.88153579095489,9002.50583405025
477,NV,2015,taf,PER_DIEM_wage_adj,allowed_amount,145.38945283987283,98.07563025210084,103.85803914224178,120.23183323592444,75162.0,662.3411732900784,12.991596638655464,96.33128692620409,9279.716840858657
478,OH,2015,taf,PER_DIEM,allowed_amount,169.66804892605066,158.34,172.425,182.58,328414.0,607.0,39.16,42.442727230172416,1801.3850947348192
479,OH,2015,taf,PER_DIEM_wage_adj,allowed_amount,193.18447660427333,184.6839291330328,197.0686954575968,205.30982793201733,1474105.0,949.9217527386542,41.05252122864032,46.60192246276422,2171.739177225488
480,OK,2015,taf,PER_DIEM,allowed_amount,145.70533503738477,140.39,143.14,145.87,533239.0,284.54,13.52,17.38119851817332,302.1060619281504
481,OK,2015,taf,PER_DIEM_wage_adj,allowed_amount,174.3481159998755,161.69737576772755,169.0675600223339,181.73234294347225,2068850.0,365.37600421440806,15.097710776102735,22.65578733780186,513.2846998957032
482,RI,2015,taf,PER_DIEM,allowed_amount,305.5686575108112,189.4675,224.09,264.47,42086.0,1143.67,24.89,248.9282102330897,61965.253849849294
483,RI,2015,taf,PER_DIEM_wage_adj,allowed_amount,281.5550943336812,177.26161369193156,208.99943577205192,244.5740078991913,236442.0,1075.484295655445,23.40605604664285,236.60104034160688,55980.05229073068
484,SC,2015,taf,PER_DIEM,allowed_amount,0.0,0.0,0.0,0.0,13.0,0.0,0.0,0.0,0.0
485,SC,2015,taf,PER_DIEM_wage_adj,allowed_amount,0.0,0.0,0.0,0.0,6.0,0.0,0.0,0.0,0.0
486,TX,2015,taf,PER_DIEM,allowed_amount,145.70260458382003,116.73,144.27,169.66,607790.0,2212.47,9.31,34.66667433454656,1201.7783094175088
487,TX,2015,taf,PER_DIEM_wage_adj,allowed_amount,158.7412234534026,126.8029587014588,160.17472831877265,182.09528110182887,2722135.0,2819.5106410093026,9.919028340080972,38.46452132746278,1479.519400950839
488,VA,2015,taf,PER_DIEM,allowed_amount,179.77864703938974,152.69,173.77,201.94,266364.0,816.42,90.82,40.251859243043306,1620.2121725217708
489,VA,2015,taf,PER_DIEM_wage_adj,allowed_amount,199.73521481330508,175.4493895991541,194.24415584415584,216.66826876862444,2484596.0,848.2285714285714,109.8451207624824,39.58504691984267,1566.9759396461457
490,WA,2015,taf,PER_DIEM,allowed_amount,198.9616632708421,185.11,195.78,210.99,331780.0,660.88,18.66,26.38558181081557,696.1989274952415
491,WA,2015,taf,PER_DIEM_wage_adj,allowed_amount,174.14625056149816,161.40514824568857,172.7295896695268,184.38896444530792,601651.0,561.4476255203466,15.633378016085793,24.547280953454223,602.5690022078164
492,WI,2015,taf,PER_DIEM,allowed_amount,166.46946101227664,154.31,161.75,171.1,77627.0,561.0,23.66,32.19589029348375,1036.5753517900412
493,WI,2015,taf,PER_DIEM_wage_adj,allowed_amount,168.53281780432454,154.01334411645774,164.40558026688234,174.28224828143956,182014.0,610.3797192906104,21.838156484458736,33.00512790191507,1089.3384678217724
494,AK,2016,taf,PER_DIEM,allowed_amount,610.4734510117921,371.29,553.1,761.2774999999999,13738.0,3161.36,41.25,238.88829760407103,57067.61873217122
495,AK,2016,taf,PER_DIEM_wage_adj,allowed_amount,503.5336434746941,355.2911049182797,433.810230800378,702.7395186922961,8582.0,1262.417943107221,31.21689117602543,184.6222189535181,34085.36373132077
496,AL,2016,taf,PER_DIEM,allowed_amount,205.7698735504404,187.02,197.59,209.3,268961.0,561.09,30.3,48.68513771171994,2370.2426340091347
497,AL,2016,taf,PER_DIEM_wage_adj,allowed_amount,274.73757177129744,242.044627698278,267.1345875542692,290.7745175786413,250943.0,811.9971056439944,42.84344610327353,66.9732951935697,4485.4222690850265
498,AR,2016,taf,PER_DIEM,allowed_amount,193.9799765758628,169.58,181.41,201.95,636096.0,692.0,15.26,53.20336623769902,2830.5981790227324
499,AR,2016,taf,PER_DIEM_wage_adj,allowed_amount,254.4108014927241,220.11916308715536,239.70816887932065,272.74490785645,574171.0,848.0086697371986,18.25140533429016,70.21197644106232,4929.72163576029
500,AZ,2016,taf,PER_DIEM,allowed_amount,187.5675036390102,147.83,157.64,187.43,15114.0,1181.7,3.17,79.13958914119777,6263.074569437589
501,AZ,2016,taf,PER_DIEM_wage_adj,allowed_amount,187.5264537260013,158.556564091211,172.76953730352005,196.2628254293168,14194.0,1146.8361801242236,3.571428571428572,72.47231184589543,5252.235984288715
502,CA,2016,taf,PER_DIEM,allowed_amount,226.65139924555984,182.13,205.07,230.08,2899634.0,2310.83,0.83,104.60247806554358,10941.678417452526
503,CA,2016,taf,PER_DIEM_wage_adj,allowed_amount,163.8328411251252,155.19146359921297,162.84769500097258,173.32374754048735,163.0,201.43786892689573,91.75257731958764,14.35038903499817,205.9336654557957
504,CO,2016,taf,PER_DIEM,allowed_amount,216.21499578842935,195.92,212.66,229.22,300363.0,1232.0,22.33,40.04595416838856,1603.6784452566765
505,CO,2016,taf,PER_DIEM_wage_adj,allowed_amount,220.3567467666444,200.70602078838988,214.34595018631103,229.55481466954305,331950.0,1202.0072802912116,21.89645028436948,39.801085790259165,1584.12643008357
506,CT,2016,taf,PER_DIEM,allowed_amount,263.6434768809092,222.12,240.73,251.5,224014.0,2455.77,62.81,112.36249781909682,12625.330916146537
507,CT,2016,taf,PER_DIEM_wage_adj,allowed_amount,219.51698366535857,184.21999100854188,198.98041104688505,217.3267326732673,215813.0,2306.937974993871,47.06279034916829,95.8361053541076,9184.559089443612
508,DC,2016,taf,PER_DIEM,allowed_amount,386.3479200610998,276.96,299.92,337.44,82488.0,5105.7,25.85,215.15156519966496,46290.196007865685
509,DC,2016,taf,PER_DIEM_wage_adj,allowed_amount,259.7612186758726,236.58513097072415,251.4522821576764,264.149377593361,6935.0,763.0681818181819,37.70746887966805,51.60241454201349,2662.809186565805
510,DE,2016,taf,PER_DIEM,allowed_amount,741.9879390681004,546.05,714.14,742.21,1116.0,1282.72,212.35,260.3966115776659,67806.3953211298
511,DE,2016,taf,PER_DIEM_wage_adj,allowed_amount,726.1037805716013,636.1253494874184,831.9431500465982,864.6435228331779,413.0,1113.222273998136,266.7485416027019,193.7072623751443,37522.503496873
512,FL,2016,taf,PER_DIEM,allowed_amount,214.16994002832,193.3,222.96,259.94,180085.0,616.35,0.0,130.86464345616434,17125.55490690902
513,FL,2016,taf,PER_DIEM_wage_adj,allowed_amount,218.2411877608725,201.4262709914884,243.02247941241933,276.18365998678706,158986.0,712.1533638775018,0.0,132.03231373313173,17432.531869724127
514,GA,2016,taf,PER_DIEM,allowed_amount,171.15525564841357,155.28,167.31,183.66,1045205.0,678.09,19.01,30.18930897214442,911.3943762155996
515,GA,2016,taf,PER_DIEM_wage_adj,allowed_amount,213.0986627498771,193.72132064913265,201.6278756894928,234.67105263157893,11015.0,281.36687743845016,121.25655859007132,29.418120468627368,865.4258119066726
516,HI,2016,taf,PER_DIEM,allowed_amount,383.6791113490364,306.14,381.12,390.27,934.0,3638.58,234.75,200.06979593107988,40027.92324390395
517,HI,2016,taf,PER_DIEM_wage_adj,allowed_amount,322.92822010437123,250.05309156252557,311.29625091889244,318.7699093359471,759.0,3326.853799030813,191.7422200441069,177.5925982816653,31539.13096443295
518,IA,2016,taf,PER_DIEM,allowed_amount,221.38761017196688,162.41,183.12,215.51,54778.0,2173.09,0.72,110.3570875908582,12178.686781536351
519,IA,2016,taf,PER_DIEM_wage_adj,allowed_amount,255.41723725361288,187.9101283880171,207.4908647990256,246.57943067033972,54227.0,2583.321445553971,0.8350730688935282,129.90504131641316,16875.31975941901
520,ID,2016,taf,PER_DIEM,allowed_amount,266.5656974826524,229.39,250.0,277.74,64274.0,4234.35,22.58,119.28888819990664,14229.838847969826
521,ID,2016,taf,PER_DIEM_wage_adj,allowed_amount,325.2455811608505,256.5333905027334,332.2176949941793,363.4313154831199,62641.0,6161.743306169966,23.25916769674495,137.5060152395044,18907.904227046816
522,IL,2016,taf,PER_DIEM,allowed_amount,151.2775863351643,124.03,143.97,172.15,518850.0,3876.92,20.88,110.4760626778792,12204.960424806692
523,IL,2016,taf,PER_DIEM_wage_adj,allowed_amount,157.43233972005098,134.66069745523092,154.2331784198828,171.45466782040188,496975.0,3016.536871454668,20.074992789154887,112.49484597573054,12655.09037110334
524,IN,2016,taf,PER_DIEM,allowed_amount,194.0502631858933,178.82,191.33,200.34,817711.0,639.18,1.93,31.96564693771538,1021.8025841466728
525,IN,2016,taf,PER_DIEM_wage_adj,allowed_amount,212.26077225045907,192.27431601783775,207.54756648796385,226.79281668072795,784818.0,636.0,2.0593256508749467,36.77301037171626,1352.2542917983517
526,KS,2016,taf,PER_DIEM,allowed_amount,270.17108336610306,159.52,184.61,426.0,15258.0,7285.0,36.93,151.94453731121223,23087.14241871837
527,KS,2016,taf,PER_DIEM_wage_adj,allowed_amount,332.99920383196707,192.442767950052,224.80489073881373,554.1103017689906,15127.0,8592.828497287095,39.0298034242232,189.98974984280852,36096.10504533297
528,KY,2016,taf,PER_DIEM,allowed_amount,204.1986100600396,173.33,186.94,203.04,227017.0,3029.56,34.14,83.17594396005221,6918.237653645745
529,KY,2016,taf,PER_DIEM_wage_adj,allowed_amount,248.90490776668076,216.60133488717025,226.41169615425363,241.70854271356785,220316.0,3459.981726815897,38.46760563380282,99.57184811902202,9914.552937837589
530,LA,2016,taf,PER_DIEM,allowed_amount,157.0884511227803,133.99,149.0,166.72,316313.0,1733.11,47.6,62.3505374343594,3887.5895183534526
531,LA,2016,taf,PER_DIEM_wage_adj,allowed_amount,200.8682801956001,168.2388359257401,191.08508014796547,215.43137359929497,292896.0,2490.458399195287,55.022540746734485,81.51521227421733,6644.729832110713
532,MA,2016,taf,PER_DIEM,allowed_amount,242.21425392187825,179.35,210.34,236.97,379920.0,5962.7,2.75,163.74458705122453,26812.289788576043
533,MA,2016,taf,PER_DIEM_wage_adj,allowed_amount,210.535888491852,157.27663494012896,185.86675847822343,216.19800820152315,392220.0,4576.834510285539,2.367016698226889,128.2539856337804,16449.084830949945
534,MD,2016,taf,PER_DIEM,allowed_amount,234.99068676500124,230.23,243.36,254.52,224065.0,4190.89,15.71,52.25934847173646,2731.039502690384
535,MD,2016,taf,PER_DIEM_wage_adj,allowed_amount,243.10346942026425,235.8457583547558,251.08921161825728,262.99228791773777,232904.0,4501.976581802557,14.762262732569068,53.89558167286367,2904.733723856318
536,ME,2016,taf,PER_DIEM,allowed_amount,248.5408838948496,192.055,212.54,242.37,53219.0,3330.41,3.39,188.880837968341,35675.97095162269
537,ME,2016,taf,PER_DIEM_wage_adj,allowed_amount,269.72227543402335,206.02010644589,235.0666195024172,268.8586635127144,49909.0,3306.274198352029,3.365432343889606,192.5344522792703,37069.515314478616
538,MI,2016,taf,PER_DIEM,allowed_amount,201.36086237228727,173.35,198.81,214.67,301262.0,1104.79,38.31,53.058035991774766,2815.1551833044664
539,MI,2016,taf,PER_DIEM_wage_adj,allowed_amount,220.86247882248227,189.1371095817893,215.13957307060755,238.50978189647105,307362.0,1318.3651551312648,33.82184161737442,60.60575346403132,3673.057352942944
540,MO,2016,taf,PER_DIEM,allowed_amount,149.51308552170042,149.0,156.03,163.86,560197.0,2539.83,0.0,43.24544213378063,1870.1682653461687
541,MO,2016,taf,PER_DIEM_wage_adj,allowed_amount,174.62852964630918,171.49956784788247,182.33564624250263,193.4945680289705,570690.0,3284.829280910502,0.0,51.021081988980136,2603.150807326233
542,MS,2016,taf,PER_DIEM,allowed_amount,219.2974765898504,184.2925,201.62,218.45,210806.0,3490.29,21.01,76.87761068425989,5910.16702452063
543,MS,2016,taf,PER_DIEM_wage_adj,allowed_amount,288.5725122208695,242.3854447439353,264.5956873315364,292.6280323450135,212225.0,4703.894878706199,22.809684073390518,99.35148808823794,9870.718185347288
544,MT,2016,taf,PER_DIEM,allowed_amount,179.0665371714204,172.3,174.57,177.02,45613.0,2769.23,28.76,42.10439576392789,1772.780142645469
545,MT,2016,taf,PER_DIEM_wage_adj,allowed_amount,195.71522564694425,186.8042328042328,189.57767886222996,193.5946151340788,26723.0,3006.437954619477,32.84229759049903,48.1468272197164,2318.116971325224
546,NC,2016,taf,PER_DIEM,allowed_amount,169.04566596783224,160.53,166.07,172.3,746958.0,1231.0,16.38,22.64498850487145,512.7955043857601
547,NC,2016,taf,PER_DIEM_wage_adj,allowed_amount,198.0837330532629,184.3275147557453,195.86166471277843,207.3297809354648,733585.0,588.5932004689332,16.687041564792175,28.594234463673597,817.6302445635387
548,ND,2016,taf,PER_DIEM,allowed_amount,324.25531138504925,225.27,268.32,331.43,46807.0,2348.88,118.31,188.48050204701588,35524.89965189516
549,ND,2016,taf,PER_DIEM_wage_adj,allowed_amount,434.9487344239497,301.7018284106892,363.11243082737207,449.62025316455697,45720.0,3048.5139519792347,153.5496430889033,249.3818143729077,62191.289339923416
550,NE,2016,taf,PER_DIEM,allowed_amount,100.53194243697858,43.31,105.05,153.79,111113.0,981.0,-26.98,71.59322237783469,5125.58949044209
551,NE,2016,taf,PER_DIEM_wage_adj,allowed_amount,119.58882801579657,50.67878028404344,123.00543024227235,178.85457342326353,115272.0,1137.2509960159364,-31.92521595077506,87.56579279891393,7667.768068502328
552,NH,2016,taf,PER_DIEM,allowed_amount,108.06180706576174,50.045,140.3,159.35,124799.0,1346.0,11.04,59.3805181748577,3526.045938714605
553,NH,2016,taf,PER_DIEM_wage_adj,allowed_amount,106.8718480110775,49.92961994771767,136.27058299955496,158.33084354147994,140272.0,1340.5039338711283,10.95890410958904,57.1115960037566,3261.734398096307
554,NJ,2016,taf,PER_DIEM,allowed_amount,285.7440639946609,203.36,213.0,223.9,242739.0,1407.47,71.89,196.8909538378064,38766.0477031612
555,NJ,2016,taf,PER_DIEM_wage_adj,allowed_amount,211.87410042955625,164.6411311974226,183.94487202434223,202.74785015320748,213649.0,1405.0078816539349,55.46639919759278,122.8673081563341,15096.375413583564
556,NM,2016,taf,PER_DIEM,allowed_amount,323.2573397823458,265.54,306.69,389.54,9097.0,2091.3,86.56,91.50718195366323,8373.564349100832
557,NM,2016,taf,PER_DIEM_wage_adj,allowed_amount,364.6957631683419,305.05109832021617,342.1984666882626,452.0786092214664,4902.0,2258.179462261095,93.46722816110572,109.75806394974369,12046.83260199602
558,NV,2016,taf,PER_DIEM,allowed_amount,164.8357617336854,113.11,119.22,128.58,69309.0,840.14,15.64,107.4025639068849,11535.310733772492
559,NV,2016,taf,PER_DIEM_wage_adj,allowed_amount,153.81582930345192,96.97847682119206,101.95364238410596,161.73013245033113,70697.0,1073.6612339930152,12.94701986754967,106.50098208309772,11342.459184664302
560,NY,2016,taf,PER_DIEM,allowed_amount,269.67452568213673,214.51,253.79,291.63,3348008.0,1710.49,14.79,98.76160343120496,9753.854312302596
561,NY,2016,taf,PER_DIEM_wage_adj,allowed_amount,230.2624014931731,191.595591758505,213.24965132496516,241.1814606308321,3258736.0,2011.676973444889,11.92809196821233,80.95553269194319,6553.798273436282
562,OH,2016,taf,PER_DIEM,allowed_amount,201.5176083733357,172.16,185.07,204.31,408726.0,1870.31,29.14,69.38178762879494,4813.832454567202
563,OH,2016,taf,PER_DIEM_wage_adj,allowed_amount,231.0800505868102,193.51149632839773,210.56255959317724,231.86469242807271,407978.0,2538.4229098805645,30.10952676172763,95.27116862712454,9076.595571578
564,OK,2016,taf,PER_DIEM,allowed_amount,153.5904980557133,141.15,144.1,147.6,640852.0,896.16,11.05,45.599107396831215,2079.278595387747
565,OK,2016,taf,PER_DIEM_wage_adj,allowed_amount,190.4383151508237,168.06865828092245,184.97243236312343,190.041928721174,605802.0,1138.993710691824,14.168483138863955,51.8112020531013,2684.400658187288
566,OR,2016,taf,PER_DIEM,allowed_amount,360.7229960448253,272.0,281.08,281.08,63714.0,3935.36,27.2,172.76069599409553,29846.258080364296
567,OR,2016,taf,PER_DIEM_wage_adj,allowed_amount,312.54125348999594,228.2419813235891,244.38454627133876,278.2143917648223,62193.0,3195.582622817702,22.08688591149005,149.29921239593526,22290.254822046587
568,PA,2016,taf,PER_DIEM,allowed_amount,221.6407754418865,180.76,199.5,222.35,699614.0,1558.25,97.39,106.51896532765,11346.2899744731
569,PA,2016,taf,PER_DIEM_wage_adj,allowed_amount,237.5793902698135,192.7354260089686,214.4974400431151,242.3462255358807,701952.0,2005.986096807415,89.96778235188832,116.69689603379872,13618.165543923224
570,RI,2016,taf,PER_DIEM,allowed_amount,313.6230385213336,192.02,225.6,268.16,40523.0,2240.16,18.12,252.2466716895385,63628.3833784498
571,RI,2016,taf,PER_DIEM_wage_adj,allowed_amount,582.2353467028888,305.04798395274184,517.4184849227752,608.727629320912,1198.0,2745.967148810983,16.30963096309631,475.49051955186,226091.2341836978
572,SC,2016,taf,PER_DIEM,allowed_amount,0.0,0.0,0.0,0.0,93.0,0.0,0.0,0.0,0.0
573,SC,2016,taf,PER_DIEM_wage_adj,allowed_amount,0.0,0.0,0.0,0.0,90.0,0.0,0.0,0.0,0.0
574,SD,2016,taf,PER_DIEM,allowed_amount,141.27733722621,93.385,116.68,144.88,43327.0,815.54,11.8,94.430127507123,8917.048981011509
575,SD,2016,taf,PER_DIEM_wage_adj,allowed_amount,181.1242373100527,115.9082420318725,145.8478311296683,183.8435404121717,44456.0,1015.363545816733,14.691235059760956,123.35103215313325,15215.47713324331
576,TN,2016,taf,PER_DIEM,allowed_amount,583.5657984196987,434.85,482.01,670.155,10884.0,3331.28,214.92,311.77889539673606,97206.07961480888
577,TN,2016,taf,PER_DIEM_wage_adj,allowed_amount,629.545639001667,477.64815699044254,541.876560018153,679.6152271796971,6946.0,4545.3404284349845,241.13093234601143,405.08484287015614,164093.7299231391
578,TX,2016,taf,PER_DIEM,allowed_amount,222.8336730077023,144.3,162.07,184.07,417282.0,3092.95,11.88,199.2790770214335,39712.15053851443
579,TX,2016,taf,PER_DIEM_wage_adj,allowed_amount,242.33204276832456,156.68823323620433,183.23340913789536,210.19830028328613,369779.0,3571.5357967667437,12.364696086594506,214.61559435621967,46059.85334087343
580,UT,2016,taf,PER_DIEM,allowed_amount,203.2890905781668,176.62,184.5,193.85,129115.0,907.25,24.76,94.343269522516,8900.652504198095
581,UT,2016,taf,PER_DIEM_wage_adj,allowed_amount,246.435832905038,190.56133506718683,198.84161752316768,217.78643639427128,176257.0,1267.5349243306168,32.2346251053075,157.427561830616,24783.43722393243
582,VA,2016,taf,PER_DIEM,allowed_amount,183.56693982519184,155.23,175.65,203.21,261887.0,979.0,32.63,46.84143391329813,2194.1199310538764
583,VA,2016,taf,PER_DIEM_wage_adj,allowed_amount,208.69793078721236,179.95794453936128,200.11841326228537,226.30970724191064,265272.0,955.3309422888816,31.423343605547,48.896301664385874,2390.848316454625
584,VT,2016,taf,PER_DIEM,allowed_amount,221.10781271031632,192.9,220.57,243.44,31203.0,617.95,65.99,39.84134665972745,1587.3329036605753
585,VT,2016,taf,PER_DIEM_wage_adj,allowed_amount,231.08357808608184,197.67561983471077,229.71242859956664,251.5702479338843,34341.0,570.7851239669421,68.17148760330578,45.20479701442114,2043.473673115018
586,WA,2016,taf,PER_DIEM,allowed_amount,213.2529277721736,191.98,203.29,216.67,342998.0,2816.17,4.78,71.46933144729829,5107.865337523781
587,WA,2016,taf,PER_DIEM_wage_adj,allowed_amount,183.6481451155287,164.94565217391306,178.0655570652174,188.23313109027396,343388.0,2353.6732135394905,3.9949853740075225,50.064053753963904,2506.409478279787
588,WI,2016,taf,PER_DIEM,allowed_amount,241.548005613006,153.79,163.48,178.1,39551.0,1312.0,28.73,209.98362573747693,44093.123077856784
589,WI,2016,taf,PER_DIEM_wage_adj,allowed_amount,209.71570830770412,161.11793611793613,173.05047084964554,188.40612336785236,36860.0,1353.1353135313532,26.830407172207696,138.49989755976202,19182.221624064576
590,WV,2016,taf,PER_DIEM,allowed_amount,312.7831140805484,218.03,253.36,374.535,107091.0,4328.64,18.48,154.97695303967205,24017.85597346072
591,WV,2016,taf,PER_DIEM_wage_adj,allowed_amount,408.5730541730144,289.4272529858849,338.3005204797465,487.5158064145304,103225.0,5416.216216216217,23.12312312312312,204.4045067907378,41781.20239636477
592,WY,2016,taf,PER_DIEM,allowed_amount,204.18175335919105,175.55,184.51,199.94,28876.0,992.13,38.02,56.42033780272942,3183.2545177740985
593,WY,2016,taf,PER_DIEM_wage_adj,allowed_amount,223.51965760797663,183.94967177242887,201.44420131291028,219.52954048140043,31704.0,1222.860884749709,52.70240700218818,77.85814509845832,6061.89075817259
594,AK,2017,taf,PER_DIEM,allowed_amount,642.5479536297447,395.74,549.8,795.94,14147.0,6709.33,56.53,365.913647704761,133892.79757660397
595,AK,2017,taf,PER_DIEM_wage_adj,allowed_amount,485.6981532089165,364.53431713768623,427.7890238416554,645.1030210218571,10843.0,1617.6806348322427,39.34985382152304,174.1857770123949,30340.68491341177
596,AL,2017,taf,PER_DIEM,allowed_amount,211.26243498922315,190.29,203.25,214.34,271878.0,561.09,44.63,50.1225773717424,2512.272762386303
597,AL,2017,taf,PER_DIEM_wage_adj,allowed_amount,285.40607950324267,250.12367234104465,275.62174667437824,301.4490753519183,255038.0,816.3683980794414,78.65027246052816,69.17033080426138,4784.534663570951
598,AR,2017,taf,PER_DIEM,allowed_amount,207.69658448219343,175.52,194.98,206.78,857299.0,725.0,13.44,64.68839906506953,4184.588973601689
599,AR,2017,taf,PER_DIEM_wage_adj,allowed_amount,268.9077205776846,229.67093487539583,249.50580677044724,276.7864518793887,847842.0,987.8730072216924,15.890281390399622,82.06371615391978,6734.453508991115
600,AZ,2017,taf,PER_DIEM,allowed_amount,208.9861649249732,157.64,166.48,201.01,14928.0,982.93,16.73,101.2410652419894,10249.753291332756
601,AZ,2017,taf,PER_DIEM_wage_adj,allowed_amount,209.6553676798681,170.07422402159244,185.3238866396761,220.3441295546559,14892.0,969.7415153906866,22.247434885556437,89.29078922224032,7972.845039930548
602,CA,2017,taf,PER_DIEM,allowed_amount,245.90696715962056,192.48,220.06,242.97,2063953.0,2323.66,1.51,120.56912175388015,14536.91312050198
603,CA,2017,taf,PER_DIEM_wage_adj,allowed_amount,314.2110157988621,159.42503132395933,159.72236180692397,180.202463948047,368.0,1096.392333709132,90.0964568809092,280.52052066244056,78691.76251272675
604,CO,2017,taf,PER_DIEM,allowed_amount,220.74795743061307,200.63,217.32,234.6,281141.0,1091.17,23.58,38.35272084607409,1470.9311962968864
605,CO,2017,taf,PER_DIEM_wage_adj,allowed_amount,219.02450668333051,200.36651234567904,215.5409328430424,229.23359783239783,308133.0,1173.5534523553454,23.57292812156353,37.59695424527998,1413.5309685216766
606,CT,2017,taf,PER_DIEM,allowed_amount,265.61329101445534,223.03,242.11,252.43,217082.0,2773.85,5.28,116.57351500528785,13589.384400688066
607,CT,2017,taf,PER_DIEM_wage_adj,allowed_amount,225.4158410798278,187.63518112379944,203.224218557716,222.5824226283405,210628.0,2547.387271558453,4.848930112958032,101.3541772993701,10272.669256032148
608,DC,2017,taf,PER_DIEM,allowed_amount,386.5641067408446,277.02,298.69,337.1,84841.0,5056.56,31.39,227.3409236494746,51683.89556579624
609,DC,2017,taf,PER_DIEM_wage_adj,allowed_amount,255.8752348322976,243.43825665859563,248.7904460549148,267.59212003674594,8039.0,767.4285714285714,30.401937046004843,56.39940587503658,3180.8929830571105
610,DE,2017,taf,PER_DIEM,allowed_amount,778.1708372943328,527.84,742.21,764.32,2735.0,1324.07,159.05,278.14257981525424,77363.29470628507
611,DE,2017,taf,PER_DIEM_wage_adj,allowed_amount,427.0500066671687,321.1447348311172,413.3206470028544,468.0365296803653,93.0,733.1193204267089,265.5662540119211,110.29422307359414,12164.815643407746
612,FL,2017,taf,PER_DIEM,allowed_amount,218.45204538288525,197.78,224.96,259.38,190292.0,706.56,0.0,123.05123876427676,15141.607361423044
613,FL,2017,taf,PER_DIEM_wage_adj,allowed_amount,225.35119896938997,213.76603272888104,246.2077596996245,280.17822736030826,169917.0,716.0385500575373,0.0,122.85755541394424,15093.978922290376
614,GA,2017,taf,PER_DIEM,allowed_amount,177.88604060986745,159.23,174.21,191.06,1042653.0,815.0,20.29,33.169086158180455,1100.1882765687983
615,GA,2017,taf,PER_DIEM_wage_adj,allowed_amount,216.87204991688992,197.8167115902965,202.3719676549865,243.5394003714513,15930.0,317.1428571428571,109.23180592991912,32.51419922063382,1057.1731509590647
616,HI,2017,taf,PER_DIEM,allowed_amount,388.1948744292237,315.02,390.27,401.59,876.0,4285.96,276.51,194.23857359880495,37728.62347369838
617,HI,2017,taf,PER_DIEM_wage_adj,allowed_amount,324.867186588087,255.9473513162171,317.086447838804,326.28371790705233,713.0,3482.25544361391,224.65875853103677,177.3738600114046,31461.48621534535
618,IA,2017,taf,PER_DIEM,allowed_amount,266.1240429744793,169.5725,196.82,418.14,13636.0,2417.62,47.56,134.33006623843863,18044.566695623307
619,IA,2017,taf,PER_DIEM_wage_adj,allowed_amount,316.0238951868262,197.8313544947904,226.4114368790889,506.5907438817543,13490.0,2929.0283498909616,49.69177724375719,163.40118221689428,26699.94634987869
620,ID,2017,taf,PER_DIEM,allowed_amount,276.5468425318097,233.64,256.79,285.0,61695.0,4359.3,24.77,130.80217664392993,17109.20941478985
621,ID,2017,taf,PER_DIEM_wage_adj,allowed_amount,339.6973209173446,265.0683060109289,312.25409836065575,362.0939375129319,60751.0,5832.82786885246,25.42599055635393,179.9279351522847,32374.06184816477
622,IL,2017,taf,PER_DIEM,allowed_amount,220.38935053423845,136.18,156.14,190.91,330564.0,3241.2,42.86,211.10160891130653,44563.88928494221
623,IL,2017,taf,PER_DIEM_wage_adj,allowed_amount,231.699812133268,149.55419990614735,164.37118723603942,196.6482611643902,319921.0,3098.661567877629,40.97514340344168,220.98512254099148,48834.42438445702
624,IN,2017,taf,PER_DIEM,allowed_amount,198.98198103461704,184.4,196.29,204.96,783111.0,639.18,1.08,30.92992768250601,956.6604264450516
625,IN,2017,taf,PER_DIEM_wage_adj,allowed_amount,217.4118851634366,196.06493925384368,213.5027799841144,232.45989959593487,752931.0,624.565174907172,1.1641694513312495,37.26171490717357,1388.4353978234808
626,KS,2017,taf,PER_DIEM,allowed_amount,255.20024155954232,165.95,191.34,419.0,14158.0,750.0,36.07,126.02724016020304,15882.865262397496
627,KS,2017,taf,PER_DIEM_wage_adj,allowed_amount,310.55670465322333,200.5593132154006,229.24037460978147,541.1030176899063,14038.0,804.2033025948961,38.676817499463866,156.21762058701674,24403.94498186912
628,KY,2017,taf,PER_DIEM,allowed_amount,204.5797922404253,174.86,189.57,206.81,240374.0,3309.96,23.6,79.09437593390783,6255.920304374337
629,KY,2017,taf,PER_DIEM_wage_adj,allowed_amount,246.66984352952744,214.6616065781151,226.52751423149903,243.67843798963483,234467.0,3736.2682018286487,29.384114740267567,93.51309595279548,8744.699114676734
630,LA,2017,taf,PER_DIEM,allowed_amount,161.19819663531914,138.36,153.3,169.31,318366.0,2301.59,45.91,63.65396622924749,4051.82741671418
631,LA,2017,taf,PER_DIEM_wage_adj,allowed_amount,205.610063309009,173.2471649798805,195.5586311021641,219.970245342035,296887.0,2623.4266666666667,49.48264712222461,82.47194874889148,6801.622330439784
632,MA,2017,taf,PER_DIEM,allowed_amount,243.993827382595,181.06,213.17,238.04,384098.0,5962.7,1.13,168.31566714215086,28330.16380550732
633,MA,2017,taf,PER_DIEM_wage_adj,allowed_amount,213.72461003341613,159.86954055587069,188.91181415252944,221.93261284170376,395839.0,4556.548983646645,0.986124443668732,131.3716083933796,17258.499491863487
634,MD,2017,taf,PER_DIEM,allowed_amount,240.11835389954467,233.41,246.71,260.18,219859.0,3840.69,16.64,52.99024393993195,2807.965952813495
635,MD,2017,taf,PER_DIEM_wage_adj,allowed_amount,250.72060806159388,242.29866285597632,258.2566585956416,272.1903370552019,228350.0,4007.81592403214,15.303963947392626,56.41913472221188,3183.1187628030943
636,ME,2017,taf,PER_DIEM,allowed_amount,255.33726059430788,196.61,222.04,248.03,52599.0,3767.28,11.69,190.47853231458183,36282.0712727172
637,ME,2017,taf,PER_DIEM_wage_adj,allowed_amount,275.5340492505719,211.20985898803175,238.1513204853676,278.2417320961218,49362.0,3692.3257865333726,11.457414485935509,191.6201958141156,36718.29944384
638,MI,2017,taf,PER_DIEM,allowed_amount,204.4789669980606,178.03,202.74,219.43,310406.0,1104.79,34.55,51.57242660070446,2659.715185485049
639,MI,2017,taf,PER_DIEM_wage_adj,allowed_amount,224.6490926458886,194.3412251831405,217.97914818101157,241.33695652173915,315718.0,1318.0505845860175,30.689287617694085,59.33885641942771,3521.0998811654567
640,MO,2017,taf,PER_DIEM,allowed_amount,149.30380757691373,148.27,155.25,162.88,559621.0,2525.1,0.0,47.16771627990927,2224.7934590620184
641,MO,2017,taf,PER_DIEM_wage_adj,allowed_amount,175.15742300147002,172.2161927501628,182.05990883438247,192.38683127572017,570972.0,3247.2993827160494,0.0,55.42690446902555,3072.1417390184843
642,MS,2017,taf,PER_DIEM,allowed_amount,216.04141273740973,184.59,199.16,220.96,284108.0,3289.94,9.25,55.05841863362729,3031.4294624357567
643,MS,2017,taf,PER_DIEM_wage_adj,allowed_amount,283.011530012033,242.98666666666668,260.92,292.2593320235756,283329.0,2555.6794712928545,11.705897241204758,70.15364488680392,4921.53389090379
644,MT,2017,taf,PER_DIEM,allowed_amount,195.66793312426648,175.56,183.24,187.98,51977.0,1010.5,34.33,56.221811360686175,3160.892072676581
645,MT,2017,taf,PER_DIEM_wage_adj,allowed_amount,217.2552752773483,191.13311094372108,200.30130205531043,211.1801242236025,49709.0,1001.5310028068384,36.94178413859894,66.36836670379775,4404.760098929769
646,NC,2017,taf,PER_DIEM,allowed_amount,178.114273702811,168.11,175.04,181.82,753803.0,709.36,17.09,25.008235145606054,625.411825097926
647,NC,2017,taf,PER_DIEM_wage_adj,allowed_amount,208.9214659646922,193.00199273238775,205.34284147010425,218.42691360919,742483.0,590.4621898153594,17.6149247577819,31.86345506723521,1015.2797688217172
648,ND,2017,taf,PER_DIEM,allowed_amount,311.7032565767304,224.75,269.37,328.75,44513.0,2029.5,130.94,163.7035061469791,26798.837924814023
649,ND,2017,taf,PER_DIEM_wage_adj,allowed_amount,402.8238954916139,289.2569498571057,349.9220576773188,425.8317294473467,44437.0,2790.074237008523,153.29249617151606,211.23733813385232,44621.21302187546
650,NE,2017,taf,PER_DIEM,allowed_amount,99.04122657053648,42.0,95.54,155.79,109851.0,1003.0,0.0,70.09140934451125,4912.805663899838
651,NE,2017,taf,PER_DIEM_wage_adj,allowed_amount,112.74359621625632,46.79312513099978,112.07103170279989,174.7327604275833,114753.0,1118.129794228662,0.0,81.28478218392725,6607.215814688496
652,NH,2017,taf,PER_DIEM,allowed_amount,109.74486979166666,50.97,147.19,163.77,121728.0,1346.0,11.22,59.76727800228076,3572.127519801914
653,NH,2017,taf,PER_DIEM_wage_adj,allowed_amount,109.76347092202398,51.13025848960973,140.0,162.52448100274185,136795.0,1318.0571876224049,11.373542828180437,59.302309686666696,3516.763934173323
654,NJ,2017,taf,PER_DIEM,allowed_amount,304.19171402165296,204.59,213.88,225.09,189350.0,1567.09,74.75,234.15454791943225,54828.35231135368
655,NJ,2017,taf,PER_DIEM_wage_adj,allowed_amount,215.2039507199116,166.00794080490886,183.09871864284423,197.68092402093484,168245.0,1863.8082778306373,57.99968963376785,143.20254248163906,20506.96817320564
656,NM,2017,taf,PER_DIEM,allowed_amount,329.6546923913044,275.6,308.55,377.4,9200.0,1796.94,83.33,90.46751807161932,8184.371826038769
657,NM,2017,taf,PER_DIEM_wage_adj,allowed_amount,378.6692735022943,306.12990687256865,353.15336555463864,458.5149490745811,5148.0,1967.9553170518016,98.23175763291287,103.49379373678268,10710.96534203172
658,NV,2017,taf,PER_DIEM,allowed_amount,193.84831896728363,117.79,125.65,234.21,73205.0,999.75,19.59,127.15387717322312,16168.108480183111
659,NV,2017,taf,PER_DIEM_wage_adj,allowed_amount,185.98059386082696,100.72745308754236,115.66504091923616,250.57356053012583,78081.0,826.4445730346367,14.687456494500903,123.90502041205104,15352.454083310786
660,NY,2017,taf,PER_DIEM,allowed_amount,277.7227342988397,220.06,266.36,294.18,2911218.0,1840.41,4.58,103.71978218766984,10757.793217057671
661,NY,2017,taf,PER_DIEM_wage_adj,allowed_amount,237.93804937306425,198.6927334825109,220.65191717187625,241.69770328988207,2862021.0,2188.8796384395814,4.359413668379974,86.9013942552759,7551.852323510899
662,OH,2017,taf,PER_DIEM,allowed_amount,210.1976853453025,181.97,194.39,209.8,390339.0,2774.08,25.33,70.67468399146674,4994.910957293684
663,OH,2017,taf,PER_DIEM_wage_adj,allowed_amount,244.89840666655203,209.09288903408472,221.7575955570075,244.62489395224824,390139.0,3798.5485416951938,30.12965385987867,100.3702780984356,10074.1927255573
664,OK,2017,taf,PER_DIEM,allowed_amount,151.9692787575637,141.42,145.38,149.02,642544.0,715.2,7.84,39.641161840044525,1571.4217120286023
665,OK,2017,taf,PER_DIEM_wage_adj,allowed_amount,183.07239446880624,164.34390136503742,179.7544475068905,186.1061495279408,605590.0,789.6443657174002,8.630559225011009,42.78821030498635,1830.83094110374
666,OR,2017,taf,PER_DIEM,allowed_amount,315.8714182306858,281.28,301.7,301.7,65483.0,1331.37,27.22,50.46627878683767,2546.845294590822
667,OR,2017,taf,PER_DIEM_wage_adj,allowed_amount,275.2215763873732,246.9711853307138,259.192439862543,287.6346648870245,64421.0,1125.2119249452328,22.2822527832351,47.96998272229455,2301.119242377237
668,PA,2017,taf,PER_DIEM,allowed_amount,222.6946392800847,180.85,199.61,221.88,695304.0,1537.42,99.19,109.59561099806056,12011.197950038211
669,PA,2017,taf,PER_DIEM_wage_adj,allowed_amount,238.14291580095832,191.4401076716016,215.84244532803183,241.84890656063615,696167.0,2105.1896480898263,88.99955136832659,119.55189274616836,14292.65505919134
670,RI,2017,taf,PER_DIEM,allowed_amount,328.9159687189932,197.605,230.88,272.99,38298.0,1989.47,31.27,290.4651288570834,84369.99108196209
671,RI,2017,taf,PER_DIEM_wage_adj,allowed_amount,578.5176379499081,456.0565708513179,502.15322388769926,590.768498691411,538.0,2366.7261479895315,28.717053907613188,352.5406749144362,124284.92746912617
672,SC,2017,taf,PER_DIEM,allowed_amount,167.02959008701313,124.12,145.09,170.39,156643.0,2007.98,0.72,88.98786993806108,7918.840996113274
673,SC,2017,taf,PER_DIEM_wage_adj,allowed_amount,194.9215997743092,145.76557912783866,169.1904137355431,199.72266666666667,142766.0,2202.9402084476137,0.768,105.53400678396282,11137.426587877511
674,SD,2017,taf,PER_DIEM,allowed_amount,148.36022137857398,96.35,121.13,153.4,42145.0,814.97,25.54,99.26398033418832,9853.337791786123
675,SD,2017,taf,PER_DIEM_wage_adj,allowed_amount,189.13298343515888,118.89637838455388,150.34705007436787,193.82381590161935,41914.0,992.2927066845244,31.09704127602581,128.32343042770188,16466.902796733248
676,TN,2017,taf,PER_DIEM,allowed_amount,614.204442942131,464.02,509.61,759.19,11094.0,3854.84,248.7,324.22897345194934,105124.42722570489
677,TN,2017,taf,PER_DIEM_wage_adj,allowed_amount,653.8598840762309,497.2999139414802,570.9816858150381,774.4622173193602,7199.0,5318.487858719647,267.53442340791736,315.8891900163257,99785.98036917031
678,TX,2017,taf,PER_DIEM,allowed_amount,219.4944653307324,145.4,162.34,178.46,411647.0,5054.48,11.13,197.39564501990552,38965.04067282455
679,TX,2017,taf,PER_DIEM_wage_adj,allowed_amount,238.2301400953245,160.1819100555836,182.5745844946836,209.6013612056393,364879.0,5880.037226617031,11.24810510358767,210.4655840679523,44295.762077064304
680,UT,2017,taf,PER_DIEM,allowed_amount,207.91265043750693,181.43,189.79,198.8,126398.0,910.8,46.95,97.08076700134048,9424.675321568557
681,UT,2017,taf,PER_DIEM_wage_adj,allowed_amount,246.13099285277616,194.3089430894309,205.25107004906567,221.96235660986747,164129.0,1205.7513661202186,49.01346695897276,147.50226197364952,21756.91728734313
682,VA,2017,taf,PER_DIEM,allowed_amount,204.13751873998453,157.95,181.92,217.49,243997.0,4473.61,5.64,109.53666617964976,11998.281237752026
683,VA,2017,taf,PER_DIEM_wage_adj,allowed_amount,227.4883390210776,182.12827604372447,208.04842615012103,241.5250888976689,244649.0,4975.653431208986,95.68457346235124,102.29031276713545,10463.30808599839
684,VT,2017,taf,PER_DIEM,allowed_amount,236.41257182125972,201.045,228.63,252.9,29831.0,928.29,138.09,63.61205296622208,4046.493282577443
685,VT,2017,taf,PER_DIEM_wage_adj,allowed_amount,247.60918937158172,207.32254290171605,234.4871294851794,264.69245928845555,33968.0,962.8565501503994,143.23202987241987,68.70615477995027,4720.535704646482
686,WA,2017,taf,PER_DIEM,allowed_amount,218.2357132461069,199.29,211.32,220.62,331169.0,829.3,2.26,49.412372404279424,2441.5825466191945
687,WA,2017,taf,PER_DIEM_wage_adj,allowed_amount,191.96598450313095,174.11687335588127,187.3149190406096,199.2293705082691,327973.0,787.5871540249314,1.9568793834964064,41.228180667826535,1699.762881178946
688,WI,2017,taf,PER_DIEM,allowed_amount,212.75419684891932,159.18,168.22,183.08,74768.0,1592.0,30.15,144.71205277113123,20941.578217234677
689,WI,2017,taf,PER_DIEM_wage_adj,allowed_amount,204.1985622916613,165.57177615571777,175.48771858890126,188.9416759324775,72190.0,1636.6814022823069,32.41586926136974,114.99415915200218,13223.656639076007
690,WV,2017,taf,PER_DIEM,allowed_amount,319.847024401891,222.89,265.61,384.91,104705.0,5509.35,40.29,158.42070704513088,25097.120420679184
691,WV,2017,taf,PER_DIEM_wage_adj,allowed_amount,417.436356496172,295.5628896222956,352.3622047244094,496.1992731677771,100389.0,6455.008787346222,55.1691085855128,203.96297911266527,41600.89684851356
692,WY,2017,taf,PER_DIEM,allowed_amount,207.2510390916464,176.94,184.92,197.13,30825.0,1097.0,54.46,77.01449641017872,5931.232657313432
693,WY,2017,taf,PER_DIEM_wage_adj,allowed_amount,230.7189727937704,186.43643098376728,200.1525220612267,220.3943784726005,33212.0,1425.0454663548974,58.68021717945148,100.84360492867545,10169.432655010776
694,AK,2018,taf,PER_DIEM,allowed_amount,676.6746469929026,395.74,568.98,825.97,13385.0,6965.86,154.77,421.4549442748972,177624.2700537567
695,AK,2018,taf,PER_DIEM_wage_adj,allowed_amount,513.0345238954961,394.56960680127526,471.8070854420959,674.2426513173889,12114.0,3279.562369752903,115.19053289669546,176.0727379850305,31001.609061545205
696,AL,2018,taf,PER_DIEM,allowed_amount,214.747997962668,193.45,207.62,218.69,278796.0,715.0,37.67,47.81974865645595,2286.7283615666206
697,AL,2018,taf,PER_DIEM_wage_adj,allowed_amount,292.4249132136899,257.484076433121,283.28205128205127,309.5824175824176,260727.0,973.3188129594336,50.38116891801525,65.15604671107283,4245.310423015505
698,AR,2018,taf,PER_DIEM,allowed_amount,211.5247436786634,178.65,187.91,204.6,647371.0,754.0,15.7,74.0361516846327,5481.351756269941
699,AR,2018,taf,PER_DIEM_wage_adj,allowed_amount,276.19379435146493,230.9964664310954,251.97984161267095,274.9540636042403,650923.0,1075.146157136746,18.838492920566352,93.56690512182836,8754.76573407723
700,AZ,2018,taf,PER_DIEM,allowed_amount,218.2816307692308,163.81,170.65,207.34,17550.0,989.81,9.31,110.84057184184498,12285.632366227195
701,AZ,2018,taf,PER_DIEM_wage_adj,allowed_amount,223.3329852840936,173.37304709452624,188.95133190963247,224.6375182645836,17623.0,982.1492359595156,10.464201416207713,113.05383130594464,12781.168772952986
702,CA,2018,taf,PER_DIEM,allowed_amount,255.62216203969135,201.58,230.55,257.92,1913309.0,3573.52,2.81,126.53788049291282,16011.835199638686
703,CA,2018,taf,PER_DIEM_wage_adj,allowed_amount,175.35731048022157,170.5790413813635,172.55135456981245,178.75111640369158,346.0,268.4762187283694,95.56017007811728,11.027073084446409,121.59634080972243
704,CO,2018,taf,PER_DIEM,allowed_amount,226.60716386034963,206.75,223.93,240.71,287031.0,1123.63,22.7,37.81972418734355,1430.3315376067392
705,CO,2018,taf,PER_DIEM_wage_adj,allowed_amount,225.0038060344792,207.2946859903382,222.30917874396135,235.76811594202903,313279.0,1170.4479166666667,21.932367149758456,36.64898265228991,1343.1479294478468
706,CT,2018,taf,PER_DIEM,allowed_amount,266.9000832287097,223.76,242.21,254.36,212667.0,2774.0,64.85,117.38432352961442,13779.079410505188
707,CT,2018,taf,PER_DIEM_wage_adj,allowed_amount,227.5205099951521,190.09057830765656,205.78254263042376,223.08044713212388,208479.0,2541.689573025472,50.20515599597429,100.5262587568023,10105.528699639572
708,DC,2018,taf,PER_DIEM,allowed_amount,422.0149088944695,270.73,315.11,429.44,68492.0,5669.12,37.09,256.36437103583904,65722.69073660135
709,DC,2018,taf,PER_DIEM_wage_adj,allowed_amount,262.4426415522896,246.9127040454223,254.1316029605597,264.7571732738518,7379.0,766.1670856700831,41.99381164184877,56.57770829598234,3201.037076025269
710,DE,2018,taf,PER_DIEM,allowed_amount,758.4643771357564,536.0,727.92,768.88,3219.0,1324.07,182.49,277.84755180350885,77199.26204320355
711,DE,2018,taf,PER_DIEM_wage_adj,allowed_amount,455.8061842320613,440.6796855186406,468.2610639248994,506.268081002893,181.0,720.0892414476947,269.6043444530644,84.42363879522199,7127.350787426111
712,FL,2018,taf,PER_DIEM,allowed_amount,225.39833295314327,202.24,228.43,261.79,192886.0,916.8,0.0,123.40533854358766,15228.877581057484
713,FL,2018,taf,PER_DIEM_wage_adj,allowed_amount,232.562266700116,221.9545147489304,252.92488366939952,282.9843561973526,172266.0,981.1643835616438,0.0,120.26712660903736,14464.18174279422
714,GA,2018,taf,PER_DIEM,allowed_amount,185.6273315570364,165.57,182.22,200.24,1045621.0,678.09,16.42,35.52826246063348,1262.2574334716578
715,GA,2018,taf,PER_DIEM_wage_adj,allowed_amount,223.78383649794927,198.2315331247449,213.05944769419128,233.79619739371927,16097.0,338.54610416380376,111.7126921507278,35.837221607143526,1284.3064525195148
716,HI,2018,taf,PER_DIEM,allowed_amount,390.7001828571428,323.84,371.99,412.83,875.0,1751.93,203.71,100.59147852419076,10118.645551682732
717,HI,2018,taf,PER_DIEM_wage_adj,allowed_amount,317.5893942588597,254.23143350604488,315.26927304129373,324.09326424870466,701.0,1375.3571989323284,221.83231276495525,94.1830770935168,8870.452010803328
718,IA,2018,taf,PER_DIEM,allowed_amount,269.0374630413788,171.66,198.49,424.9,13461.0,2662.33,49.69,141.20495004715926,19938.83791782074
719,IA,2018,taf,PER_DIEM_wage_adj,allowed_amount,317.7328922063222,198.2326494101394,226.663475347056,508.4968884633796,13404.0,2823.85447602885,52.70470937632584,169.02715591554215,28570.179436897
720,ID,2018,taf,PER_DIEM,allowed_amount,296.54151758607924,247.88,271.03,306.0,54020.0,4660.65,25.67,127.67827908722852,16301.742950676218
721,ID,2018,taf,PER_DIEM_wage_adj,allowed_amount,363.5185676988703,285.10542338482355,336.20475814635245,396.7933491686461,51244.0,5254.989288533092,28.57301869991096,152.66469556035617,23306.509270536237
722,IL,2018,taf,PER_DIEM,allowed_amount,220.28086522888597,137.45,161.19,196.95,324157.0,6599.18,45.56,201.78802057740216,40718.40524854608
723,IL,2018,taf,PER_DIEM_wage_adj,allowed_amount,230.3192597185917,150.94672468540514,167.45594118283057,205.31640547510412,314691.0,3198.268258578036,43.19711766379066,207.26200977357192,42957.540695380216
724,IN,2018,taf,PER_DIEM,allowed_amount,205.93143886902976,191.63,203.62,212.84,830013.0,639.18,2.09,30.68756223173854,941.7264757268256
725,IN,2018,taf,PER_DIEM_wage_adj,allowed_amount,226.59478120165204,204.0615141955836,222.2200315457413,244.4006309148265,799742.0,630.1064668769716,2.1877944101329425,38.42277057374791,1476.3092985628682
726,KS,2018,taf,PER_DIEM,allowed_amount,309.20299661287106,183.76,216.66,462.5,15057.0,750.0,40.18,144.01585731004536,20740.567156747347
727,KS,2018,taf,PER_DIEM_wage_adj,allowed_amount,372.61460712600297,219.30019560542817,265.1515151515151,574.3356953055802,14948.0,810.4603414739572,46.72093023255814,173.23155003646133,30009.169928035008
728,KY,2018,taf,PER_DIEM,allowed_amount,204.04697934150295,176.8,192.55,209.94,253213.0,3612.64,27.24,76.0042317842628,5776.643249115944
729,KY,2018,taf,PER_DIEM_wage_adj,allowed_amount,248.64570083907128,219.3863789615644,231.2528788576693,247.875927174646,247816.0,4160.1105481345,28.604431376667016,90.96391594059352,8274.434003247365
730,LA,2018,taf,PER_DIEM,allowed_amount,164.5359727550949,141.35,157.15,173.69,314334.0,2422.56,46.87,63.81815703432068,4072.757167257214
731,LA,2018,taf,PER_DIEM_wage_adj,allowed_amount,212.0509594195905,179.55304688399954,202.54892486107755,226.5174343521309,292715.0,2901.2694610778444,53.99147563644741,82.85812620010917,6865.469077393218
732,MA,2018,taf,PER_DIEM,allowed_amount,246.98098354850043,179.13,211.03,238.11,367079.0,6408.63,1.1,182.60593018165125,33344.92573750609
733,MA,2018,taf,PER_DIEM_wage_adj,allowed_amount,218.5025844290218,158.16136539953453,187.37092205062595,217.5952804569716,380957.0,4971.784328937161,0.9356924123851652,159.62949220823893,25481.574782660216
734,MD,2018,taf,PER_DIEM,allowed_amount,245.8993582852952,237.77,252.99,268.01,215454.0,1756.46,17.29,52.6378618226157,2770.7444972567832
735,MD,2018,taf,PER_DIEM_wage_adj,allowed_amount,256.596238542372,247.0242319781,263.87368421052633,279.96842105263164,224383.0,1780.8577511913213,15.842037749679312,55.40638900744619,3069.8679428444534
736,ME,2018,taf,PER_DIEM,allowed_amount,284.0972892833913,206.4,234.305,267.48,52274.0,3705.65,3.59,270.74592232897845,73303.35445776924
737,ME,2018,taf,PER_DIEM_wage_adj,allowed_amount,306.326301887473,222.61166077126643,253.4798534798535,295.08448540706604,49643.0,3679.16004765687,3.570363003480855,273.1243566571636,74596.91419938949
738,MI,2018,taf,PER_DIEM,allowed_amount,208.08867176834545,181.235,206.33,224.49,319372.0,1059.6,30.83,54.462485824196015,2966.162362150752
739,MI,2018,taf,PER_DIEM_wage_adj,allowed_amount,230.09255361116453,198.58212341197824,224.19506095654893,250.41377767837173,325370.0,1077.5862068965516,27.976406533575314,62.39965128373568,3893.716480331816
740,MO,2018,taf,PER_DIEM,allowed_amount,149.24642117466064,148.58,156.2,163.55,551206.0,2543.93,0.0,46.65847784933877,2177.013555217237
741,MO,2018,taf,PER_DIEM_wage_adj,allowed_amount,175.3937881770227,173.31381479071786,182.80221906850727,193.66731728475384,563550.0,3282.0668300864404,0.0,54.88818628866931,3012.7129940596656
742,MS,2018,taf,PER_DIEM,allowed_amount,222.1784336455082,192.04,207.4,222.73,288300.0,1720.73,46.34,56.25403531457291,3164.516489173216
743,MS,2018,taf,PER_DIEM_wage_adj,allowed_amount,287.63700746254943,249.40484151397615,266.7730844793713,292.0556372876822,287475.0,2112.880648330059,56.9007858546169,71.17662231465098,5066.111564122472
744,MT,2018,taf,PER_DIEM,allowed_amount,207.2399450819053,181.53,197.77,203.55,52988.0,785.0,19.45,57.78868828418837,3339.5324936070897
745,MT,2018,taf,PER_DIEM_wage_adj,allowed_amount,232.82782797598728,202.88332588287884,222.63075547608403,230.7980900409277,50241.0,1016.3127912998448,22.11232378353797,66.9728264857354,4485.35948748842
746,NC,2018,taf,PER_DIEM,allowed_amount,184.7364014747259,174.63,181.65,188.99,752411.0,1255.0,17.43,25.19857770857904,634.9683185352964
747,NC,2018,taf,PER_DIEM_wage_adj,allowed_amount,217.70019863187943,199.05340656772236,213.952413952414,229.8088027717182,742540.0,689.0799435390735,17.802063119191093,33.45357862873701,1119.1419230690897
748,ND,2018,taf,PER_DIEM,allowed_amount,330.9395856873823,236.37,283.45,340.61,44073.0,2011.34,129.76,180.07359862774285,32426.500922745425
749,ND,2018,taf,PER_DIEM_wage_adj,allowed_amount,417.3323138204248,297.8452620967742,358.58369098712444,430.71961553054257,44157.0,2550.51990869896,163.50806451612902,226.8777428090672,51473.510182137245
750,NE,2018,taf,PER_DIEM,allowed_amount,102.5399112190852,43.41,101.26,159.09,111961.0,1368.75,0.0,72.69196129828421,5284.12123739125
751,NE,2018,taf,PER_DIEM_wage_adj,allowed_amount,113.00318257132436,47.168813654412375,111.58252015273654,174.87271955876113,112887.0,1408.7587484561548,0.0,81.46554116413712,6636.634397165721
752,NH,2018,taf,PER_DIEM,allowed_amount,137.68012164222736,70.07,162.46,171.3,87223.0,1133.28,14.37,54.62472993632266,2983.861120616185
753,NH,2018,taf,PER_DIEM_wage_adj,allowed_amount,136.26290177429084,70.8482188425028,157.8001505457283,170.87280790163274,93453.0,1066.3153933007152,14.482967143721025,55.284241926812605,3056.3474054223443
754,NJ,2018,taf,PER_DIEM,allowed_amount,320.67691926546263,205.7,215.57,227.71,151769.0,1689.0,89.0,254.25973204696413,64648.01134059399
755,NJ,2018,taf,PER_DIEM_wage_adj,allowed_amount,215.42278295817735,166.49226924878965,182.44294832560988,195.99545335315204,134606.0,1734.0857215318283,69.49867249726691,141.78137696916136,20101.95885527144
756,NM,2018,taf,PER_DIEM,allowed_amount,346.1785046728972,288.7,326.72,376.56,9309.0,1598.7,112.45,106.7702775854565,11399.892175675435
757,NM,2018,taf,PER_DIEM_wage_adj,allowed_amount,399.9479656567796,322.86455875412935,364.0868334119868,485.85134539038376,5252.0,1763.012792236436,124.007498897221,112.71338799962705,12704.30783435447
758,NV,2018,taf,PER_DIEM,allowed_amount,193.4125644878865,124.65,131.14,232.24,76526.0,2883.0,17.45,128.88212807456216,16610.602937027845
759,NV,2018,taf,PER_DIEM_wage_adj,allowed_amount,185.1823174333703,104.550273179483,111.15550844002284,220.58223925629943,80687.0,2350.974476066216,13.888061923191428,127.03856124193211,16138.79604242014
760,NY,2018,taf,PER_DIEM,allowed_amount,287.83619802624617,227.27,272.85,309.73,2602756.0,1840.41,8.97,110.7633934097105,12268.5293196343
761,NY,2018,taf,PER_DIEM_wage_adj,allowed_amount,245.30049545311087,202.41293143838823,225.2407932011332,253.06887396532875,2586330.0,2166.7176830704025,16.773387474621273,93.24788784226904,8695.168587044387
762,OH,2018,taf,PER_DIEM,allowed_amount,213.86227700922265,183.7,196.26,212.06,364320.0,1673.32,62.82,80.73005171487922,6517.341249887075
763,OH,2018,taf,PER_DIEM_wage_adj,allowed_amount,244.871323770821,211.0696980991428,226.9350229842217,247.5959746552367,360615.0,1757.1353565053028,64.18718708490856,92.91627524363692,8633.434205151294
764,OK,2018,taf,PER_DIEM,allowed_amount,150.83528399873103,142.95,147.08,151.69,665091.0,613.58,3.54,39.19554890244789,1536.2910537641835
765,OK,2018,taf,PER_DIEM_wage_adj,allowed_amount,182.5127823590745,165.72088419663478,180.8777835318488,190.73019161056448,628495.0,851.1478682446883,4.267116682738669,42.33405381647807,1792.172112536461
766,OR,2018,taf,PER_DIEM,allowed_amount,342.621283072966,301.7,312.94,375.53,47433.0,2128.05,43.81,68.95321433824685,4754.545767576211
767,OR,2018,taf,PER_DIEM_wage_adj,allowed_amount,301.1220559519516,259.5289434400398,282.305604940582,339.8988223586001,46720.0,1764.8449162381823,36.69179229480737,62.76509006581919,3939.4565309703935
768,PA,2018,taf,PER_DIEM,allowed_amount,225.7320309504796,182.25,201.66,222.29,572269.0,1470.0,68.32,100.83657135032044,10168.014121688266
769,PA,2018,taf,PER_DIEM_wage_adj,allowed_amount,238.0026888313249,190.66908935442493,213.64800585437249,240.46601111586148,573232.0,1560.343912535824,59.735944740753695,107.02029225816707,11453.3429550235
770,RI,2018,taf,PER_DIEM,allowed_amount,314.39738809618035,197.95,233.85,274.34,42961.0,2511.3,19.74,267.21699454487685,71404.92217359676
771,RI,2018,taf,PER_DIEM_wage_adj,allowed_amount,579.5872131301023,455.0119113065788,586.78955453149,588.3189195592939,750.0,2975.1214311100584,18.086860912589334,378.15996810333104,143004.96147591237
772,SC,2018,taf,PER_DIEM,allowed_amount,178.3455704649781,130.03,152.0,179.43,153147.0,2379.82,0.61,94.07019813968104,8849.202178038848
773,SC,2018,taf,PER_DIEM_wage_adj,allowed_amount,207.8816826626715,153.33610736825722,176.88411168766987,208.8320073792229,141518.0,2838.8643683645478,0.6664481590735278,111.36518568961787,12402.204583683071
774,SD,2018,taf,PER_DIEM,allowed_amount,153.77780966138627,99.31,124.79,159.075,40843.0,733.48,19.34,104.80780230816396,10984.67542466718
775,SD,2018,taf,PER_DIEM_wage_adj,allowed_amount,202.1398963590397,126.04019971834592,158.94865525672373,206.8237101523493,41233.0,939.0346946613748,24.75995391115094,140.18607096714868,19652.13449320645
776,TN,2018,taf,PER_DIEM,allowed_amount,595.8081980458473,454.52,505.08,759.24,10644.0,4477.95,288.9,246.5892800631783,60806.27304207658
777,TN,2018,taf,PER_DIEM_wage_adj,allowed_amount,681.9336557200513,507.5600223338917,583.3220415537488,766.347355268638,7145.0,6216.784673052894,322.61306532663315,310.9024875803101,96660.35678362488
778,TX,2018,taf,PER_DIEM,allowed_amount,214.28289660405812,145.54,162.34,177.67,440143.0,1726.67,10.47,195.45462478053253,38202.51034809876
779,TX,2018,taf,PER_DIEM_wage_adj,allowed_amount,231.2262001831396,160.08212185107092,181.67280111689297,206.32303839732887,388951.0,2026.845873928865,10.60145808019441,205.45010763967383,42209.74672915357
780,UT,2018,taf,PER_DIEM,allowed_amount,207.30851150843023,185.63,194.43,202.44,137421.0,911.7,13.96,86.12531060230116,7417.569126342848
781,UT,2018,taf,PER_DIEM_wage_adj,allowed_amount,240.8003024780812,200.7274994803575,209.571814591561,222.882647507076,182592.0,1171.5888097123252,30.71758749724852,128.44601582459822,16498.37898121294
782,VA,2018,taf,PER_DIEM,allowed_amount,306.1623399315927,182.36,219.82,300.97,64613.0,10924.35,71.49,231.88238935931236,53769.44249498373
783,VA,2018,taf,PER_DIEM_wage_adj,allowed_amount,312.5047869639608,197.29817007534984,233.83535273468465,291.01721137110815,61507.0,12352.272727272728,79.39804531319413,229.944511845245,52874.47852774802
784,VT,2018,taf,PER_DIEM,allowed_amount,249.19796613603475,209.05,245.0,262.4,34550.0,931.15,24.86,71.06473664712982,5050.196794725915
785,VT,2018,taf,PER_DIEM_wage_adj,allowed_amount,252.80956591782237,212.12392906953576,246.6376782283345,263.5655779148549,39639.0,941.6017797552836,25.13904338153504,72.26788909394996,5222.647794095452
786,WA,2018,taf,PER_DIEM,allowed_amount,228.88642595277452,206.73,220.47,238.46,324867.0,1106.03,10.27,51.53818413092452,2656.18442351308
787,WA,2018,taf,PER_DIEM_wage_adj,allowed_amount,202.086241411172,185.8418476860994,197.1924451250638,211.3190406976744,312488.0,846.6564573762123,8.817721301622734,37.76437585689976,1426.148083861193
788,WI,2018,taf,PER_DIEM,allowed_amount,203.10170827221293,163.66,172.89,190.07,76352.0,1494.0,19.99,98.91744336452427,9784.660601773869
789,WI,2018,taf,PER_DIEM_wage_adj,allowed_amount,202.7399527185301,172.16738197424894,182.5430083811204,197.8099215646328,74898.0,1499.0969295605055,18.490329512893982,81.96005362070434,6717.45038950873
790,WV,2018,taf,PER_DIEM,allowed_amount,329.28024414577754,230.58,279.0,391.4,104241.0,5197.36,25.17,160.73131611848305,25834.555981179725
791,WV,2018,taf,PER_DIEM_wage_adj,allowed_amount,425.61074696040254,304.7644976858154,360.7133133678192,498.2195465607788,99066.0,6291.441714078199,30.46846628737441,206.26517874694105,42545.32396350754
792,WY,2018,taf,PER_DIEM,allowed_amount,207.20420226253168,176.06,185.24,199.18,30762.0,939.4,50.0,73.61823975972074,5419.645225319727
793,WY,2018,taf,PER_DIEM_wage_adj,allowed_amount,223.48582742902784,183.90010626992563,196.5356004250797,218.28905419766207,32860.0,1239.6410662443916,37.21345638582912,88.16115037528432,7772.388435493494
794,AK,2019,taf,PER_DIEM,allowed_amount,698.4028196084076,400.0,569.06,850.0,13892.0,7201.41,166.46,469.3328795416128,220273.3518188221
795,AK,2019,taf,PER_DIEM_wage_adj,allowed_amount,574.4090296641422,409.881812212738,478.3671733815244,750.0275887437926,11748.0,2268.965229020395,246.3473754597125,214.821408924824,46148.23773244645
796,AL,2019,taf,PER_DIEM,allowed_amount,220.2233749768976,199.09,214.5,225.37,281356.0,552.25,15.97,47.27494132801152,2234.920077566931
797,AL,2019,taf,PER_DIEM_wage_adj,allowed_amount,301.2306649476234,264.65606893477934,291.6654286138761,321.5718318229089,263771.0,821.8871887188719,21.416119082741048,66.41847238050505,4411.413473359912
798,AR,2019,taf,PER_DIEM,allowed_amount,208.1174089688851,184.67,194.53,207.28,615751.0,833.0,14.47,62.26255551892928,3876.6258197477514
799,AR,2019,taf,PER_DIEM_wage_adj,allowed_amount,273.7213449988733,241.4441147378833,260.459940652819,276.71271898589947,608111.0,1043.5475305363782,12.094617184888,82.08757930637812,6738.370676380916
800,AZ,2019,taf,PER_DIEM,allowed_amount,230.77528139250367,170.92,180.26,242.34,17982.0,937.92,2.76,120.11128316062562,14426.720342491988
801,AZ,2019,taf,PER_DIEM_wage_adj,allowed_amount,231.3324999366442,178.58728557013117,191.3322813345356,231.1295065896961,17567.0,1056.8189996401584,3.0062084740224373,114.97628604738,13219.546353248945
802,CA,2019,taf,PER_DIEM,allowed_amount,258.46324986111205,209.42,236.1,262.365,1769411.0,2350.64,3.37,117.72113905510884,13858.266580432271
803,CA,2019,taf,PER_DIEM_wage_adj,allowed_amount,204.0999321576904,199.966566365764,200.74389836175192,204.15623435152727,481.0,295.37305958938407,151.17676514772157,13.359797053177443,178.48417730208868
804,CO,2019,taf,PER_DIEM,allowed_amount,233.3427190151912,211.85,228.92,247.39,286350.0,1413.54,25.75,44.32167784247672,1964.4111267722917
805,CO,2019,taf,PER_DIEM_wage_adj,allowed_amount,233.5466392203236,211.8960276700556,228.00116550116547,246.3250366032211,314176.0,1475.0495669414588,25.134211810639336,43.63899440744386,1904.3618328929165
806,CT,2019,taf,PER_DIEM,allowed_amount,273.46300418561987,229.59,248.65,263.73,209288.0,2774.0,66.65,118.30677885694004,13996.493923504917
807,CT,2019,taf,PER_DIEM_wage_adj,allowed_amount,235.47327445825337,198.23997292266037,214.5066813106352,231.2740252608457,205925.0,2538.898041369211,52.83811637862692,101.96824115524198,10397.522204293586
808,DC,2019,taf,PER_DIEM,allowed_amount,447.3932494420438,275.95,335.37,545.68,63177.0,5786.77,39.78,275.17047308363584,75718.78925707197
809,DC,2019,taf,PER_DIEM_wage_adj,allowed_amount,270.14571390999413,247.84940795466048,265.5124790371905,277.0468576055055,6991.0,778.5735424681858,39.24237940219,60.77982584318009,3694.1872295273024
810,DE,2019,taf,PER_DIEM,allowed_amount,757.7721398809523,549.27,707.35,778.08,3360.0,1318.15,235.78,261.58049401550136,68424.35484939376
811,DE,2019,taf,PER_DIEM_wage_adj,allowed_amount,441.7259089074061,392.0135363790186,473.20033649801707,494.46993763972233,205.0,543.9216752787598,276.7099291344852,71.44036842572268,5103.726240802994
812,FL,2019,taf,PER_DIEM,allowed_amount,257.86683390220446,210.04,245.57,340.79,106058.0,1027.15,0.0,152.10976991168363,23137.38210258533
813,FL,2019,taf,PER_DIEM_wage_adj,allowed_amount,251.30801798124804,221.52521525215252,263.41598406021694,305.2103189731859,86258.0,1119.3875326939844,0.0,149.20757643752637,22262.90086636028
814,GA,2019,taf,PER_DIEM,allowed_amount,194.06223746476812,173.59,189.62,209.19,1057639.0,718.93,24.12,36.27236943266621,1315.684784259818
815,GA,2019,taf,PER_DIEM_wage_adj,allowed_amount,237.21163400107196,210.29351535836176,217.1747627024009,278.66794049406303,16930.0,345.7883959044368,115.26279863481228,37.0358678182984,1371.655505054471
816,HI,2019,taf,PER_DIEM,allowed_amount,405.3646978335234,333.23,412.83,424.8,877.0,2266.88,292.5,118.93034659474988,14144.427341147331
817,HI,2019,taf,PER_DIEM_wage_adj,allowed_amount,332.1949943019152,265.2471543421158,328.6078166043142,338.13579559022526,698.0,1918.808193668529,232.82655416699836,109.9309620938414,12084.816426877593
818,IA,2019,taf,PER_DIEM,allowed_amount,299.5332485147405,176.96,255.0,421.16,8921.0,1535.5,70.0,140.9388337103342,19863.754847629232
819,IA,2019,taf,PER_DIEM_wage_adj,allowed_amount,354.5701157996904,203.1527211699832,310.9327983951856,504.8669383840805,8934.0,1829.9568448813231,73.41373885684321,169.99003816173038,28896.61307422656
820,ID,2019,taf,PER_DIEM,allowed_amount,315.03985870709147,259.41,283.06,340.08,44659.0,4423.95,28.59,133.39069318995428,17793.077029696517
821,ID,2019,taf,PER_DIEM_wage_adj,allowed_amount,372.231246568191,293.19580948266554,336.5130789536837,387.1722947459273,40379.0,5562.617880045265,31.90409331461281,168.99470788090122,28559.211291751137
822,IL,2019,taf,PER_DIEM,allowed_amount,259.58105683209345,145.32,181.16,275.0,254856.0,3259.25,43.16,226.8887775483645,51478.51737739123
823,IL,2019,taf,PER_DIEM_wage_adj,allowed_amount,269.38403645452337,157.38758029978587,185.7731715934519,270.87504416440936,247272.0,3100.799162781848,41.06174483874037,235.53106735257728,55474.88368824429
824,IN,2019,taf,PER_DIEM,allowed_amount,215.60115122679457,200.9,214.01,223.53,834614.0,1716.47,1.12,31.722365361767714,1006.30846414548
825,IN,2019,taf,PER_DIEM_wage_adj,allowed_amount,235.00456611394543,213.529526029526,231.80846930846928,251.3898540653232,809124.0,1667.1231546231545,1.3597183440573026,37.51675786638059,1407.5071208046295
826,KS,2019,taf,PER_DIEM,allowed_amount,347.21280627591256,196.07,457.0,462.5,12301.0,750.0,44.78,151.5983130370204,22982.048515670427
827,KS,2019,taf,PER_DIEM_wage_adj,allowed_amount,418.62859603312216,232.95416624532305,586.0144600090375,594.2159963849978,12224.0,894.2937925716489,48.25431034482759,183.86706341528625,33807.09700896088
828,KY,2019,taf,PER_DIEM,allowed_amount,204.2457241096609,178.5,192.33,212.88,304940.0,3511.61,22.52,67.78368621703402,4594.628117169328
829,KY,2019,taf,PER_DIEM_wage_adj,allowed_amount,245.5687344573201,219.94962216624683,232.9471032745592,249.26952141057933,299383.0,4011.893065234777,28.362720403022667,78.12304578954873,6103.210283435928
830,LA,2019,taf,PER_DIEM,allowed_amount,172.8733760050645,147.7175,164.26,182.58,306448.0,2486.75,52.28,70.51520502088191,4972.394139137009
831,LA,2019,taf,PER_DIEM_wage_adj,allowed_amount,220.0815576714331,186.13579145002512,209.4586107272956,233.37136337706784,286040.0,2987.4459394521864,58.82088208820882,90.05680941403688,8110.228921836162
832,MA,2019,taf,PER_DIEM,allowed_amount,268.01287610662376,183.97,219.47,248.27,309387.0,8032.4,2.96,209.2318737952584,43777.97701187495
833,MA,2019,taf,PER_DIEM_wage_adj,allowed_amount,231.3196525973549,162.35369058046024,191.40811455847256,224.2744860943168,319985.0,6395.732144279003,2.5329454047578297,166.82114663088697,27829.29496324389
834,MD,2019,taf,PER_DIEM,allowed_amount,256.5831728319652,246.64,261.48,276.4,201369.0,4573.43,23.77,53.780946717970686,2892.3902298812022
835,MD,2019,taf,PER_DIEM_wage_adj,allowed_amount,267.8240905846934,256.7934782608696,272.56584788398936,289.59619471713387,210348.0,4628.509260196337,21.044710048694117,56.3487630128555,3175.183093078952
836,ME,2019,taf,PER_DIEM,allowed_amount,337.55797521671275,217.28,248.28,284.29,53181.0,4286.05,4.23,432.5253160935291,187078.1490618073
837,ME,2019,taf,PER_DIEM_wage_adj,allowed_amount,355.9936241785738,233.5151444818382,264.8004706343759,311.810955088778,52046.0,4202.421806059418,4.147465437788019,425.7348089101236,181250.12751773943
838,MI,2019,taf,PER_DIEM,allowed_amount,212.9037261769416,184.145,211.15,233.78,327204.0,950.0,27.25,54.90666407988428,3014.7417603812546
839,MI,2019,taf,PER_DIEM_wage_adj,allowed_amount,235.0176228230007,200.6254264271094,231.29956645870783,258.5386486200698,335126.0,1080.2820104616785,25.080533824206167,63.23553125365996,3998.732412932605
840,MO,2019,taf,PER_DIEM,allowed_amount,154.36146703671326,154.5,161.24,169.09,561731.0,2620.9,0.0,47.89240758648142,2293.682704429663
841,MO,2019,taf,PER_DIEM_wage_adj,allowed_amount,181.87999177309527,179.17385677308025,188.84698275862067,200.9774919614148,575536.0,3445.3792559484687,0.0,56.465091642916406,3188.3065742429485
842,MS,2019,taf,PER_DIEM,allowed_amount,221.4055348331946,194.69,209.37,222.78,295494.0,3420.23,61.74,52.55671677957014,2762.208478647949
843,MS,2019,taf,PER_DIEM_wage_adj,allowed_amount,291.4575692049496,256.2978142076503,275.57471264367814,300.3688524590164,294234.0,4672.445355191257,84.34426229508198,67.42207404137396,4545.736068040512
844,MT,2019,taf,PER_DIEM,allowed_amount,221.55751953125,201.4,204.47,207.92,53248.0,724.06,20.51,64.56067520938235,4168.080783491357
845,MT,2019,taf,PER_DIEM_wage_adj,allowed_amount,260.59811296149985,237.675760124985,244.04518687657733,251.0515563033289,51036.0,940.9486679662118,24.64847975003005,74.56373024233618,5559.749867651879
846,NC,2019,taf,PER_DIEM,allowed_amount,190.7816295883665,180.98,187.82,195.12,770127.0,660.0,18.45,26.189948954104384,685.9134262185934
847,NC,2019,taf,PER_DIEM_wage_adj,allowed_amount,221.57360977878184,201.93311854238416,217.2960893854749,233.5248308438657,763604.0,809.3961445167879,18.69300911854103,34.23179533680732,1171.8158119810632
848,ND,2019,taf,PER_DIEM,allowed_amount,348.32533387438565,247.92,292.41,351.21,44358.0,2049.07,132.2,192.20687577372107,36943.48309469464
849,ND,2019,taf,PER_DIEM_wage_adj,allowed_amount,419.0970187976339,295.1253973860826,354.00686491910443,434.2281879194631,44286.0,2807.7144423129625,155.65760037678086,230.90137489116583,53315.44492663072
850,NE,2019,taf,PER_DIEM,allowed_amount,118.24144976297428,50.87,119.915,174.36,112646.0,1009.08,0.0,82.45295613525465,6798.489975442227
851,NE,2019,taf,PER_DIEM_wage_adj,allowed_amount,132.12381972450768,56.8018018018018,132.44941427050054,192.87162162162164,113737.0,1027.5763747454175,0.0,91.87755813342524,8441.485688560932
852,NH,2019,taf,PER_DIEM,allowed_amount,176.8754605553107,161.26,171.23,176.64,61263.0,1346.0,74.63,43.20312011221547,1866.5095874305168
853,NH,2019,taf,PER_DIEM_wage_adj,allowed_amount,178.87516040068022,161.38492871690426,169.20923047214444,182.019781363873,66762.0,1299.6041324707926,72.05754562131891,46.47182851263202,2159.630845307479
854,NJ,2019,taf,PER_DIEM,allowed_amount,345.5456872376528,210.69,221.22,235.69,123167.0,1590.0,147.0,278.1027110811234,77341.1179106708
855,NJ,2019,taf,PER_DIEM_wage_adj,allowed_amount,218.82574614543265,170.39211082413712,184.49557799170384,201.6114906288317,106301.0,1511.2631879098944,128.74408828166054,136.2486978846001,18563.70767524903
856,NM,2019,taf,PER_DIEM,allowed_amount,379.7557644741162,316.18,355.96,421.44,9137.0,1867.25,62.41,116.788584073284,13639.573369842528
857,NM,2019,taf,PER_DIEM_wage_adj,allowed_amount,435.165734785069,356.94573283858995,394.3877551020408,509.9561883899233,4994.0,2045.180722891566,68.35706462212485,125.9753233013286,15869.782080874264
858,NV,2019,taf,PER_DIEM,allowed_amount,193.68085169153665,125.38,130.38,236.6,87790.0,1122.75,16.06,125.41006613937688,15727.684689082884
859,NV,2019,taf,PER_DIEM_wage_adj,allowed_amount,179.27052663932494,106.00744724865538,112.53620190318576,203.6657012825817,91082.0,929.0442697558958,13.181221273801707,119.14215843543872,14194.853916655184
860,NY,2019,taf,PER_DIEM,allowed_amount,292.4716540240035,230.55,279.26,316.3,2491300.0,1886.82,17.56,113.134834136828,12799.490695167582
861,NY,2019,taf,PER_DIEM_wage_adj,allowed_amount,251.60437091119783,206.50387414886129,228.8463795329187,256.9243440404754,2521737.0,2220.0494175785384,19.00289582844173,96.57125097410876,9326.006514704302
862,OH,2019,taf,PER_DIEM,allowed_amount,221.67763522432315,186.53,199.72,216.64,338641.0,2482.2,62.69,86.15240421612835,7422.236752219168
863,OH,2019,taf,PER_DIEM_wage_adj,allowed_amount,255.3954775621559,216.92828910220217,232.9593617551733,256.095736724009,336080.0,2641.7624521072794,64.76908771567311,98.76325982440868,9754.18149114366
864,OK,2019,taf,PER_DIEM,allowed_amount,160.26788398646534,148.23,153.05,168.49,670870.0,1547.58,7.39,41.453113921270976,1718.3606537698695
865,OK,2019,taf,PER_DIEM_wage_adj,allowed_amount,192.6201703409723,172.02882483370286,191.89083820662768,202.53880266075387,634514.0,792.498672331386,9.1019955654102,43.54316853333613,1896.0075259225137
866,OR,2019,taf,PER_DIEM,allowed_amount,366.2161008046491,312.94,326.5,438.12,44740.0,1240.7,52.66,87.00390055823273,7569.678712346849
867,OR,2019,taf,PER_DIEM_wage_adj,allowed_amount,318.6744104651329,268.9456342668863,294.8925744440256,360.88962108731465,43454.0,1021.993410214168,43.37726523887974,76.77660857381491,5894.64762409679
868,PA,2019,taf,PER_DIEM,allowed_amount,241.0282366907155,181.05,202.7,227.58,391287.0,1254.41,80.93,130.7036335763805,17083.439830068743
869,PA,2019,taf,PER_DIEM_wage_adj,allowed_amount,262.27980096360693,201.97318492284344,228.2305663694588,249.4061240056664,388439.0,1653.367602477923,68.79462767766067,140.24265059290528,19668.001045323712
870,RI,2019,taf,PER_DIEM,allowed_amount,258.71870835842657,200.36,233.75,269.18,63098.0,2301.06,26.46,120.31710562559856,14476.205906121444
871,RI,2019,taf,PER_DIEM_wage_adj,allowed_amount,520.8018301273968,454.5121727988285,454.5121727988285,594.090202177294,510.0,2630.4222993181,24.21746293245469,262.76692702375215,69046.45793750588
872,SC,2019,taf,PER_DIEM,allowed_amount,183.4452794574813,134.92,156.27,184.1,152474.0,1686.83,1.38,93.2014392322223,8686.508274957625
873,SC,2019,taf,PER_DIEM_wage_adj,allowed_amount,212.41875749683115,158.67702343228498,183.51257102341293,214.74964572508267,143124.0,2033.3052073288327,1.4685537937639672,107.90438081196388,11643.35539841332
874,SD,2019,taf,PER_DIEM,allowed_amount,168.8601856831211,109.0525,136.89,174.5975,39422.0,768.77,12.31,115.2257408238864,13276.97134841344
875,SD,2019,taf,PER_DIEM_wage_adj,allowed_amount,219.00561157719207,137.4230769230769,173.29487179487177,224.16666666666663,40203.0,985.602564102564,15.782051282051285,152.86223018663844,23366.86141763284
876,TN,2019,taf,PER_DIEM,allowed_amount,606.5276179289607,455.03,494.62,759.24,10642.0,4430.21,285.82,288.0336739237333,82963.39731400354
877,TN,2019,taf,PER_DIEM_wage_adj,allowed_amount,704.0848249283428,515.3058929374719,584.5029239766083,769.5091164095371,7169.0,6213.478260869566,321.4349977507872,363.2928204089271,131981.67336067295
878,TX,2019,taf,PER_DIEM,allowed_amount,211.31030631814,145.85,164.36,180.06,456780.0,1850.0,10.6,185.8439995937554,34537.99218500376
879,TX,2019,taf,PER_DIEM_wage_adj,allowed_amount,226.66408029224635,159.8969418617677,179.7788697788698,206.58675926963144,402643.0,2146.669760965421,10.748326911377005,194.1623049515493,37699.00066409841
880,UT,2019,taf,PER_DIEM,allowed_amount,216.98326642538203,188.29,201.66,209.91,144228.0,911.97,58.41,101.35360787983736,10272.553830259832
881,UT,2019,taf,PER_DIEM_wage_adj,allowed_amount,252.5670595177857,205.98512173128944,216.96279264214047,229.41053511705687,180806.0,1146.6993587325535,61.55548529876699,151.6374890097329,22993.928073176867
882,VA,2019,taf,PER_DIEM,allowed_amount,319.61255602444703,191.74,232.815,309.59,54976.0,10545.12,10.37,233.76347431689115,54645.36192470383
883,VA,2019,taf,PER_DIEM_wage_adj,allowed_amount,334.0818539465718,211.72930847390745,250.36095248356855,322.424446691383,53101.0,12513.492346030616,11.650376362206492,232.2337141440049,53932.49798511936
884,VT,2019,taf,PER_DIEM,allowed_amount,255.8598804739611,220.49,247.87,270.07,48274.0,962.5,115.74,66.98751239617972,4487.326817028332
885,VT,2019,taf,PER_DIEM_wage_adj,allowed_amount,261.2450372599164,223.4114052953157,252.4134419551935,275.020366598778,52970.0,1186.5138067061143,117.86150712830955,70.00759836872729,4901.063829357027
886,WA,2019,taf,PER_DIEM,allowed_amount,238.4386648871633,217.94,233.31,247.64,329680.0,985.87,21.34,42.71405732525358,1824.490693185049
887,WA,2019,taf,PER_DIEM_wage_adj,allowed_amount,211.1887539317844,194.4948578342408,206.41515846715947,219.35874168179063,322494.0,812.0840197693575,17.57825370675453,34.35837104016731,1180.4976605338077
888,WI,2019,taf,PER_DIEM,allowed_amount,243.5800542862722,171.18,180.51,203.17,51210.0,1567.0,19.08,189.05439834019867,35741.56553177451
889,WI,2019,taf,PER_DIEM_wage_adj,allowed_amount,232.02076954551188,181.4256706209255,194.27932960893853,211.8948380891312,49913.0,1584.1083704003236,21.31843575418994,151.95669124384423,23090.836013777003
890,WV,2019,taf,PER_DIEM,allowed_amount,341.1613981474451,241.83,295.37,402.01,105368.0,6050.38,85.37,162.85733787203054,26522.51249876472
891,WV,2019,taf,PER_DIEM_wage_adj,allowed_amount,441.7627254322047,318.1125917867827,381.7405738676784,516.9551814085843,100913.0,2909.722599945608,84.21623754562494,208.54471795066175,43490.89938512108
892,WY,2019,taf,PER_DIEM,allowed_amount,208.4217911989533,176.26,186.42,202.94,29042.0,944.3,43.47,67.56286989078909,4564.741387879694
893,WY,2019,taf,PER_DIEM_wage_adj,allowed_amount,224.58379508726944,188.76368661634956,200.375980234182,215.7329648134368,29278.0,1020.1181943920532,46.210268948655255,81.98760270148034,6721.966996735786
894,AK,2020,taf,PER_DIEM,allowed_amount,720.5104591542329,466.72,754.67,873.37,12131.0,4629.71,99.36,305.0834123263138,93075.8884766676
895,AK,2020,taf,PER_DIEM_wage_adj,allowed_amount,590.6825642604831,409.30012610340486,510.6331851495855,751.5705661297666,8814.0,3243.458385876419,199.9369482976041,221.91457634660077,49246.07919509128
896,AL,2020,taf,PER_DIEM,allowed_amount,230.475862393265,211.36,226.66,243.16,308357.0,574.27,20.32,38.18144332159322,1457.8226141200355
897,AL,2020,taf,PER_DIEM_wage_adj,allowed_amount,316.7707036808173,282.9034729315628,310.408042578356,340.2740138512496,271486.0,849.0094618568894,27.97761790567546,56.25933429378437,3165.112695179782
898,AR,2020,taf,PER_DIEM,allowed_amount,209.801798143892,187.36,199.49,209.66,573458.0,833.0,13.5,56.57496106489535,3200.7262194944246
899,AR,2020,taf,PER_DIEM_wage_adj,allowed_amount,269.5248074585325,239.6409166076069,257.6944215443804,276.50453421269583,497520.0,1038.6533665835411,18.549051937345425,74.17247041440946,5501.555367376447
900,AZ,2020,taf,PER_DIEM,allowed_amount,236.34102481563852,182.63,186.69,224.31,17086.0,1200.0,1.49,116.63351048850517,13603.375768872243
901,AZ,2020,taf,PER_DIEM_wage_adj,allowed_amount,240.00570348310973,184.5893772494274,201.15606936416185,239.15366997491543,16678.0,1211.5093387178192,1.6250408986803355,113.45153308453096,12871.250359230426
902,CA,2020,taf,PER_DIEM,allowed_amount,285.7306618056374,227.95,263.45,291.16,1331131.0,2105.0,10.56,130.34301276109312,16989.300975638485
903,CA,2020,taf,PER_DIEM_wage_adj,allowed_amount,203.239483753914,155.78653255099186,178.2097303902849,213.03932494825665,1188444.0,1514.8586615124425,5.72419774501301,101.41438715779736,10284.877922591611
904,CO,2020,taf,PER_DIEM,allowed_amount,237.88989478704173,216.77,233.92,252.44,270499.0,1413.54,24.42,43.29146235812535,1874.1507131049843
905,CO,2020,taf,PER_DIEM_wage_adj,allowed_amount,238.81826505737567,216.43916331140136,235.57890601983695,250.6334086222135,283921.0,1512.1309370988447,24.22378732268624,41.87173349345781,1753.2420657471569
906,CT,2020,taf,PER_DIEM,allowed_amount,286.7420645548502,236.52,254.2,277.26,181613.0,3536.0,62.61,134.08155088100435,17977.86228665536
907,CT,2020,taf,PER_DIEM_wage_adj,allowed_amount,250.58059230682213,206.72534609468468,224.92551210428303,241.8156424581005,177902.0,3292.3649906890128,50.774470845835694,118.9215763152334,14142.341313299885
908,DC,2020,taf,PER_DIEM,allowed_amount,550.1401793617878,331.0,444.61,674.88,64618.0,7000.11,46.0,323.37800608704714,104573.3348208343
909,DC,2020,taf,PER_DIEM_wage_adj,allowed_amount,278.7890324616076,264.67588506423454,268.9536181873541,282.7869684360094,5509.0,2502.6968716289102,48.45542806707855,73.83952845276465,5452.2759621266405
910,DE,2020,taf,PER_DIEM,allowed_amount,758.0485931963146,580.63,714.02,815.7,2822.0,2067.55,13.36,222.5954956099346,49548.75466583242
911,DE,2020,taf,PER_DIEM_wage_adj,allowed_amount,836.5978627841935,662.9311109140882,723.2024115613087,1195.112540192926,1933.0,1311.4147909967844,14.319399785637726,253.84665377261945,64438.12363155612
912,FL,2020,taf,PER_DIEM,allowed_amount,277.8037965408631,211.57,252.95,390.73,90485.0,796.7,0.0,161.44101284254276,26063.20062762605
913,FL,2020,taf,PER_DIEM_wage_adj,allowed_amount,272.8156236686526,228.24469249288688,266.8364459535937,350.74136955291453,66436.0,732.4800405525282,0.0,167.12092762528,27929.404450334077
914,GA,2020,taf,PER_DIEM,allowed_amount,201.3604216889496,180.17,199.03,222.5,1011907.0,710.44,14.82,41.27216422784021,1703.3915400498126
915,GA,2020,taf,PER_DIEM_wage_adj,allowed_amount,248.2135638009673,214.4516477579687,233.13755432867384,293.5589831476721,15380.0,351.8423307626392,117.28077692087976,43.20929171481402,1867.042890495896
916,HI,2020,taf,PER_DIEM,allowed_amount,425.7185259433963,340.23,424.8,433.72,848.0,4831.84,311.73,229.45286261052075,52648.6161601625
917,HI,2020,taf,PER_DIEM_wage_adj,allowed_amount,346.05134295362603,273.4088717454195,341.36933461909354,348.53744776599166,676.0,3882.8672452587593,250.50626808100293,199.26383441634133,39706.07570630311
918,IA,2020,taf,PER_DIEM,allowed_amount,428.5727502295684,410.14,427.29,436.93,4356.0,2401.11,154.91,158.84980010846704,25233.25899449993
919,IA,2020,taf,PER_DIEM_wage_adj,allowed_amount,505.0723067849585,488.1456796000952,508.5574863127827,508.5574863127827,4339.0,2857.78386098548,166.76714393368502,167.42848204585235,28032.296600178302
920,ID,2020,taf,PER_DIEM,allowed_amount,300.34850876853386,259.99,281.29,306.44,25831.0,4464.0,30.11,109.84656189373638,12066.267159874456
921,ID,2020,taf,PER_DIEM_wage_adj,allowed_amount,359.858700572413,293.2616968882919,331.32066674437584,382.6195530028718,20425.0,5573.729554251468,32.36590347199828,162.65517612324825,26456.706319684905
922,IL,2020,taf,PER_DIEM,allowed_amount,304.8662961639451,176.79,222.24,350.0,193089.0,3481.7,52.56,219.31011749240355,48096.92763453184
923,IL,2020,taf,PER_DIEM_wage_adj,allowed_amount,323.4448764630705,191.1004324843825,236.15627274933263,336.3767419509851,165350.0,3103.700144161461,50.51417587698222,237.49125945295972,56402.09831655305
924,IN,2020,taf,PER_DIEM,allowed_amount,230.184339010778,214.5,229.09,239.16,760436.0,639.18,3.37,34.32838365104623,1178.4379240934184
925,IN,2020,taf,PER_DIEM_wage_adj,allowed_amount,251.20471279536196,229.9101913315112,247.2652963096526,267.4868582932558,737485.0,644.1119581294801,3.6878966951192815,39.571125676567405,1565.8739873106922
926,KS,2020,taf,PER_DIEM,allowed_amount,441.8069315673289,457.0,492.0,526.0,9060.0,750.0,59.99,126.54674367353068,16014.078334374271
927,KS,2020,taf,PER_DIEM_wage_adj,allowed_amount,552.4783450524061,587.1190981136288,596.0610408243119,612.7916062060498,8523.0,938.8939611321248,64.15356646347985,136.46114523003476,18621.64415749264
928,KY,2020,taf,PER_DIEM,allowed_amount,214.66470191274308,186.9,202.02,221.665,303334.0,3777.75,21.01,73.65980850561377,5425.76738908369
929,KY,2020,taf,PER_DIEM_wage_adj,allowed_amount,256.8517347471119,228.4801403332916,240.5087081819321,256.2460844505701,211243.0,4733.42939481268,25.99657093870553,89.48772606478302,8008.053116245646
930,LA,2020,taf,PER_DIEM,allowed_amount,186.3636162907608,161.48,179.04,197.17,280478.0,1869.89,46.74,63.918950754479056,4085.632265553518
931,LA,2020,taf,PER_DIEM_wage_adj,allowed_amount,240.54752980526973,206.4717896349247,230.75863795693544,257.97191499937867,256923.0,1041.546866014951,54.64110357727379,83.20030545845604,6922.29082838039
932,MA,2020,taf,PER_DIEM,allowed_amount,292.13731619005983,196.65,229.34,263.31,251605.0,5740.81,2.95,221.76034993745048,49177.65280438049
933,MA,2020,taf,PER_DIEM_wage_adj,allowed_amount,260.1087180972791,176.1769024790533,204.4897959183673,239.39842209072975,238626.0,4619.998390471593,2.548155826207135,205.552413475121,42251.79468544711
934,MD,2020,taf,PER_DIEM,allowed_amount,255.7776361009368,253.66,268.46,283.03,187563.0,1366.89,0.0,73.15733233035198,5351.995273693562
935,MD,2020,taf,PER_DIEM_wage_adj,allowed_amount,265.6629369041128,260.3166548259414,278.4260515603799,294.73958876943954,173114.0,1426.6673624882585,0.0,76.23579827551161,5811.896938704499
936,ME,2020,taf,PER_DIEM,allowed_amount,278.5587566715967,148.79,244.43,302.21,93306.0,4227.47,9.1,299.1584752764808,89495.79332974876
937,ME,2020,taf,PER_DIEM_wage_adj,allowed_amount,346.61547001993523,249.52234933364784,293.2707169183212,348.2344548805136,63727.0,4137.682294215523,8.90672408730547,335.4791097812269,112546.23309960448
938,MI,2020,taf,PER_DIEM,allowed_amount,216.5826474561959,187.87,213.32,237.34,284220.0,4714.79,24.51,58.35656022281945,3405.488121039554
939,MI,2020,taf,PER_DIEM_wage_adj,allowed_amount,239.43012039707065,206.52770716827652,235.0686324351805,262.85110876451955,280461.0,1077.5862068965516,25.078776645041707,64.5540780684936,4167.228995273165
940,MO,2020,taf,PER_DIEM,allowed_amount,153.5648307652059,154.81,161.33,169.32,527492.0,2626.32,0.0,50.79895618104367,2580.533949083595
941,MO,2020,taf,PER_DIEM_wage_adj,allowed_amount,179.82967312469086,177.8996698263926,188.54232972628895,200.84022915340543,529862.0,3466.6314677930304,0.0,59.59434686254932,3551.4861779738426
942,MS,2020,taf,PER_DIEM,allowed_amount,229.65640983399243,205.95,217.9,233.65,292577.0,1676.37,20.54,49.05005568485875,2405.907962687744
943,MS,2020,taf,PER_DIEM_wage_adj,allowed_amount,300.4045253885415,267.2268907563025,285.6475923702814,309.69007453903487,287869.0,1754.5704197724597,27.39762571695345,63.01195686029205,3970.5067073633063
944,MT,2020,taf,PER_DIEM,allowed_amount,225.58688991705696,207.07,210.21,212.32,53169.0,592.42,22.17,59.65284681901859,3558.4621336132964
945,MT,2020,taf,PER_DIEM_wage_adj,allowed_amount,261.03820503368183,231.5462494247584,241.82006442705935,244.2705936493327,47288.0,731.2036273701566,25.506212609295908,74.19893832972923,5505.482449258961
946,NC,2020,taf,PER_DIEM,allowed_amount,265.8043868078425,208.61,231.73,312.76,818365.0,1364.16,20.19,103.417596171491,10695.19919788959
947,NC,2020,taf,PER_DIEM_wage_adj,allowed_amount,309.0441907273964,241.2156963323929,275.547363717605,351.68564920273343,714510.0,1512.118451025057,20.792996910401648,121.94144494551487,14869.71599540004
948,ND,2020,taf,PER_DIEM,allowed_amount,367.5576671817926,258.08,306.24,376.7,42708.0,1824.55,117.71,202.42904762288063,40977.51932150648
949,ND,2020,taf,PER_DIEM_wage_adj,allowed_amount,406.0648385201228,291.9624101713654,348.4830667920979,413.675,52863.0,2506.9387194284145,103.65445579429375,224.01885993406697,50184.44960615911
950,NE,2020,taf,PER_DIEM,allowed_amount,178.7820579083182,88.47,190.47,238.9925,105408.0,2351.02,28.23,89.48699370682718,8007.922042685726
951,NE,2020,taf,PER_DIEM_wage_adj,allowed_amount,198.51492505814875,97.94045220505932,206.74949630624585,264.4525783184412,93017.0,2530.9721175584027,22.249369482976043,102.96590352657658,10601.977289044276
952,NH,2020,taf,PER_DIEM,allowed_amount,189.1715814390643,173.75,181.11,189.13,57454.0,1279.8,72.95,50.48821495845492,2549.059849691151
953,NH,2020,taf,PER_DIEM_wage_adj,allowed_amount,193.8550904584251,174.65446952371482,185.37815126050415,196.8783181142493,56796.0,1272.5464850352987,72.12061295106278,51.89158478845949,2692.7365718578803
954,NJ,2020,taf,PER_DIEM,allowed_amount,384.5959355551871,218.52,231.41,309.08,90465.0,1638.0,147.0,307.8266964561764,94757.27505112295
955,NJ,2020,taf,PER_DIEM_wage_adj,allowed_amount,233.76073175184263,179.15147497514084,195.09446470003311,213.5196161445103,70363.0,1469.453664663138,132.2775128228201,150.8014232772936,22741.06926245747
956,NM,2020,taf,PER_DIEM,allowed_amount,397.3339091406677,340.12,374.22,429.12,9135.0,2863.5,165.12,130.94527482595515,17146.664999244927
957,NM,2020,taf,PER_DIEM_wage_adj,allowed_amount,449.65081689136935,367.74598107399385,406.8714899240172,549.069485739456,5026.0,2928.0916198656537,188.2567552160529,135.44400905024415,18345.07958760262
958,NV,2020,taf,PER_DIEM,allowed_amount,208.66807502324855,126.73,131.83,242.58,82801.0,1168.0,16.39,131.18040098433784,17208.297602411665
959,NV,2020,taf,PER_DIEM_wage_adj,allowed_amount,190.30492299169543,106.95236497819523,118.96722939424032,213.09963099631,80519.0,979.5370680979538,16.84827302631579,122.18469696673368,14929.10017285254
960,NY,2020,taf,PER_DIEM,allowed_amount,284.1129987244815,219.45,268.93,307.96,2538576.0,1886.82,14.11,111.9831574751122,12540.22755809578
961,NY,2020,taf,PER_DIEM_wage_adj,allowed_amount,248.37598040221263,202.56938421509105,227.21851706551587,255.45691287878788,2489352.0,2233.4517045454545,11.3562218424732,96.246471565862,9263.383288878284
962,OH,2020,taf,PER_DIEM,allowed_amount,226.0331416406183,190.01,204.64,224.06,333033.0,2528.26,55.68,90.92896556547235,8268.076778806859
963,OH,2020,taf,PER_DIEM_wage_adj,allowed_amount,259.2824100204457,220.81363386476087,238.96103896103892,262.20384995064165,306630.0,2673.427091043672,65.35899333826795,103.18648200845736,10647.450069281693
964,OK,2020,taf,PER_DIEM,allowed_amount,174.03960752631056,167.35,173.09,178.51,630641.0,701.33,6.65,39.777042079815146,1582.213076619385
965,OK,2020,taf,PER_DIEM_wage_adj,allowed_amount,211.5649248399201,198.3370786516854,212.82617162144615,223.9776710372582,549191.0,802.514116698037,8.741573033707866,39.08725883800174,1527.8138034689448
966,OR,2020,taf,PER_DIEM,allowed_amount,389.4344297198432,334.87,359.15,457.1,45653.0,753.46,19.07,82.0303099529199,6728.9717509721095
967,OR,2020,taf,PER_DIEM_wage_adj,allowed_amount,339.44450934155896,280.9076419763443,312.986906710311,383.6497545008184,43053.0,713.9449358910645,17.57117847599742,72.5549998209224,5264.2279990140505
968,PA,2020,taf,PER_DIEM,allowed_amount,393.1728188540652,194.82,223.02,564.38,101559.0,1207.0,40.12,287.76899430062605,82810.99408079374
969,PA,2020,taf,PER_DIEM_wage_adj,allowed_amount,399.6842500961672,205.6405465374285,245.06598154852276,539.1825379841644,92339.0,1418.5901434809732,36.28581726437197,308.6683725109245,95276.16418854284
970,RI,2020,taf,PER_DIEM,allowed_amount,254.6535358585952,201.99,237.71,278.49,54199.0,2534.0,15.17,102.17551873266235,10439.836628288636
971,RI,2020,taf,PER_DIEM_wage_adj,allowed_amount,245.845236524825,194.47876447876448,227.97297297297297,266.6795366795366,49140.0,3013.437983113331,14.124767225325884,108.24121622723366,11716.160890350751
972,SC,2020,taf,PER_DIEM,allowed_amount,192.3245589815772,146.09,169.43,200.22,144223.0,2102.21,0.32,82.86897951732543,6867.267766242902
973,SC,2020,taf,PER_DIEM_wage_adj,allowed_amount,222.10102752916595,170.21049366564753,196.4442444019354,233.31814730447988,123140.0,1684.4284534623098,0.3600765162597051,94.07467817139045,8850.045073050685
974,SD,2020,taf,PER_DIEM,allowed_amount,178.00008987304076,112.46,142.29,182.39,36941.0,1782.0,44.95,128.18064197829085,16430.27697796678
975,SD,2020,taf,PER_DIEM_wage_adj,allowed_amount,247.9377330962309,147.85833764829374,183.756023332488,249.51813340096376,18972.0,1084.9987319300026,35.427175283732666,180.8011045175315,32689.03939475935
976,TN,2020,taf,PER_DIEM,allowed_amount,482.5690899446845,333.3,465.86,609.26,13197.0,2372.76,4.66,302.9051558640319,91751.53344901344
977,TN,2020,taf,PER_DIEM_wage_adj,allowed_amount,671.138072435604,489.0780303895807,571.7184750733137,778.1466275659824,7277.0,2683.814048184595,207.39735324058367,307.6247347585651,94632.97743527754
978,TX,2020,taf,PER_DIEM,allowed_amount,227.359404894257,152.73,170.38,194.42,396669.0,1717.86,10.99,202.385624775398,40959.9411157282
979,TX,2020,taf,PER_DIEM_wage_adj,allowed_amount,248.35831319146743,169.17548412856857,191.9753086419753,220.57296865641845,319579.0,2037.3102466793168,10.970253543621482,220.27034933123323,48519.02679450352
980,UT,2020,taf,PER_DIEM,allowed_amount,230.0908806579074,197.63,208.39,219.03,155645.0,918.16,56.92,111.26040453038536,12378.877616264996
981,UT,2020,taf,PER_DIEM_wage_adj,allowed_amount,265.66951020882755,210.79216733422345,225.1953125,242.0924033762772,197662.0,1131.4521163690847,58.51151315789474,155.2832994554297,24112.90308976465
982,VA,2020,taf,PER_DIEM,allowed_amount,347.2438605545603,219.54,290.11,393.5,60841.0,6070.32,22.77,210.3581246741395,44250.54061642082
983,VA,2020,taf,PER_DIEM_wage_adj,allowed_amount,372.7757951145919,231.52888104344413,273.0803177405119,442.7815910881062,41001.0,6827.488471488021,64.46575342465754,241.9032400012744,58517.17752311416
984,VT,2020,taf,PER_DIEM,allowed_amount,265.424266131938,235.45,256.56,276.56,63833.0,931.15,69.01,61.60128904724986,3794.718812282826
985,VT,2020,taf,PER_DIEM_wage_adj,allowed_amount,276.500472195168,242.90987388495847,266.944126521694,287.1397357194881,67823.0,968.8377900322548,71.80314223285819,64.9091826399841,4213.201990990813
986,WA,2020,taf,PER_DIEM,allowed_amount,272.03065977490513,247.75,263.85,280.47,296586.0,985.87,17.26,47.61150034382833,2266.8549649903653
987,WA,2020,taf,PER_DIEM_wage_adj,allowed_amount,244.50948130061224,223.2678834010899,236.93482090428657,255.09472606246803,278226.0,810.0187745349035,14.729476019798602,39.921526933525904,1593.7283127042342
988,WI,2020,taf,PER_DIEM,allowed_amount,260.6140240514203,183.26,193.95,215.9625,48230.0,1624.0,23.9,207.2558250596557,42954.97702115862
989,WI,2020,taf,PER_DIEM_wage_adj,allowed_amount,249.84747618218492,195.310168407589,208.72961956521735,225.58313717098227,42189.0,1625.4629166249624,23.351934171947416,165.85470188254666,27507.78213654843
990,WV,2020,taf,PER_DIEM,allowed_amount,355.84232794556374,264.96,314.46,411.96,97876.0,2323.5,44.5,154.4784644851921,23863.595989702757
991,WV,2020,taf,PER_DIEM_wage_adj,allowed_amount,464.2040359627251,344.09492273730683,411.7808219178083,536.7123287671233,90344.0,2820.80854680102,97.13641267039324,204.68724893396868,41896.86987615646
992,WY,2020,taf,PER_DIEM,allowed_amount,227.05219795585444,183.21,205.76,255.61,30037.0,843.91,41.23,68.33243656935355,4669.321887504726
993,WY,2020,taf,PER_DIEM_wage_adj,allowed_amount,243.09137786010552,196.6260339573357,219.797958758592,270.54780254113723,25158.0,1053.7020851542015,42.93897104769839,81.99812654748301,6723.692757297037
994,AK,2021,taf,PER_DIEM,allowed_amount,817.8815918971419,524.59,796.41,984.26,10811.0,6431.71,287.68,338.9589747935174,114893.18659307236
995,AK,2021,taf,PER_DIEM_wage_adj,allowed_amount,652.0306294424876,430.20337871084143,583.4986579530868,842.157490396927,7845.0,5147.01504481434,235.919304576021,254.34741886946915,64692.6094855612
996,AL,2021,taf,PER_DIEM,allowed_amount,246.10160125782883,225.79,242.99,259.74,307196.0,639.15,17.52,40.18123751800416,1614.531848478265
997,AL,2021,taf,PER_DIEM_wage_adj,allowed_amount,335.77994623499137,298.7621696801113,329.0899092658784,364.00951814396194,264028.0,942.4211147154232,23.47266881028939,61.35179249257076,3764.042442051462
998,AR,2021,taf,PER_DIEM,allowed_amount,216.48136382721236,191.43,204.84,221.41,526357.0,788.0,15.0,57.25432823983341,3278.058102194585
999,AR,2021,taf,PER_DIEM_wage_adj,allowed_amount,279.4405513155618,244.8238416988417,265.6153196282737,285.1168684877499,432037.0,959.688223115333,21.120811039143906,75.60510171229176,5716.131404925982
1000,AZ,2021,taf,PER_DIEM,allowed_amount,277.74384998738327,182.96,199.35,314.26,15852.0,1107.3,1.56,163.08728843696028,26597.463649720277
1001,AZ,2021,taf,PER_DIEM_wage_adj,allowed_amount,281.74828056365664,197.4330013348393,217.94198264047512,268.94700776610324,14735.0,1228.9796390559925,1.4936805821524322,159.6602424519212,25491.39301980625
1002,CA,2021,taf,PER_DIEM,allowed_amount,322.24078226058737,259.62,290.59,324.68,942985.0,2105.0,24.43,143.7357497845858,20659.96576613705
1003,CA,2021,taf,PER_DIEM_wage_adj,allowed_amount,234.9407721608736,175.80708112628938,207.72044813657496,245.39771502478985,756148.0,1555.8312655086847,14.552550878171171,117.22767300066212,13742.327317150162
1004,CO,2021,taf,PER_DIEM,allowed_amount,244.78227538241973,221.55,240.66,260.55,248745.0,1383.75,28.88,47.93846788040426,2298.096702720551
1005,CO,2021,taf,PER_DIEM_wage_adj,allowed_amount,247.71920747723388,222.57423869869493,242.34530938123757,260.9780439121756,249602.0,1459.4979432549308,28.633749752131667,42.89343332741866,1839.84662261371
1006,CT,2021,taf,PER_DIEM,allowed_amount,313.6042415998695,259.22,279.9,303.08,171664.0,3804.0,75.52,141.33549255543957,19975.72145588872
1007,CT,2021,taf,PER_DIEM_wage_adj,allowed_amount,278.04233847763146,230.6507611501825,251.79171332586785,274.77603583426645,164077.0,3549.8320268757,58.30842797369994,126.39279474037696,15975.138562283062
1008,DC,2021,taf,PER_DIEM,allowed_amount,573.1272755192339,363.58,456.65,742.0,57633.0,4223.92,49.47,321.47610700884155,103346.88737756014
1009,DC,2021,taf,PER_DIEM_wage_adj,allowed_amount,306.9382295246747,278.1323877068557,292.39558707643806,333.59610479944354,5440.0,860.1901228843033,50.40386130811663,68.3808124164503,4675.935506733764
1010,DE,2021,taf,PER_DIEM,allowed_amount,809.9198279906177,611.97,783.13,830.79,2558.0,1241.34,162.51,207.66601924496652,43125.175549050815
1011,DE,2021,taf,PER_DIEM_wage_adj,allowed_amount,891.3032053719529,743.5395314787701,760.2397510980966,1210.9981615659133,1817.0,1342.4245701308532,148.7097364568082,246.4767297820254,60750.77832404156
1012,FL,2021,taf,PER_DIEM,allowed_amount,282.5062442175693,217.66,254.3,396.8,86685.0,796.7,0.0,164.98580183103655,27220.314805830065
1013,FL,2021,taf,PER_DIEM_wage_adj,allowed_amount,268.81433299512656,234.93773140356785,272.9720632783575,309.8227067503579,58117.0,864.3867634395375,0.0,166.61919398429453,27761.95580397597
1014,GA,2021,taf,PER_DIEM,allowed_amount,213.90000219022704,191.68,212.17,234.22,954239.0,803.76,17.42,42.71846843726183,1824.8675456253352
1015,GA,2021,taf,PER_DIEM_wage_adj,allowed_amount,256.3525791384314,227.1901088449752,240.02228101935663,294.63756399892213,15649.0,375.9504247319316,123.2378738243686,40.54084907298649,1643.5604435586697
1016,HI,2021,taf,PER_DIEM,allowed_amount,418.26631197097953,348.74,433.72,444.56,827.0,2041.38,295.1,94.66783020566815,8961.998075849215
1017,HI,2021,taf,PER_DIEM_wage_adj,allowed_amount,340.1574500670435,279.3271926311574,347.3928714457349,356.0752903484181,653.0,1635.0660792951544,272.51101321585907,82.65070918682784,6831.139729085588
1018,IA,2021,taf,PER_DIEM,allowed_amount,456.73467162988567,436.93,458.54,459.47,3761.0,2451.33,158.15,178.12975652448893,31730.210159473707
1019,IA,2021,taf,PER_DIEM_wage_adj,allowed_amount,544.9109326369257,519.9690586695227,545.6860645007736,546.7928120909199,3762.0,2917.208139950017,183.38358070500928,195.64382969830413,38276.50809901903
1020,ID,2021,taf,PER_DIEM,allowed_amount,309.94346764897506,263.43,282.12,318.02,19953.0,4929.35,24.9,142.948847646151,20434.373043362488
1021,ID,2021,taf,PER_DIEM_wage_adj,allowed_amount,371.1768025935736,295.39409665909824,332.26396813435247,391.68157423971377,16862.0,4577.511034557004,27.920498995665504,190.95671087889335,36464.46542968528
1022,IL,2021,taf,PER_DIEM,allowed_amount,332.7059835194404,180.0,246.26,361.0,148660.0,8250.0,43.75,237.1162322847765,56224.10761292809
1023,IL,2021,taf,PER_DIEM_wage_adj,allowed_amount,394.1786554873184,214.0212864414623,289.2611787393034,435.0970230203688,121264.0,9943.353019163553,52.72990237435218,276.8339115598499,76637.0145895268
1024,IN,2021,taf,PER_DIEM,allowed_amount,189.0232889837327,177.66,233.55,254.23,714625.0,3027.12,0.0,114.05346440124067,13008.192741925075
1025,IN,2021,taf,PER_DIEM_wage_adj,allowed_amount,205.8973540111141,186.78923046011656,251.72526752566063,277.8549197988987,690791.0,3448.994493655733,0.0,126.60542574852472,16028.933828965206
1026,KS,2021,taf,PER_DIEM,allowed_amount,438.6374317593146,235.92,537.0,549.0,5019.0,843.88,41.29,156.30835784590326,24432.30273248295
1027,KS,2021,taf,PER_DIEM_wage_adj,allowed_amount,554.7119600914526,531.0185185185186,633.0719557195572,665.359778597786,4663.0,1085.2366255144034,45.24931506849315,181.94413823237048,33103.669437119934
1028,KY,2021,taf,PER_DIEM,allowed_amount,249.6859622315272,224.33,238.75,258.89,288018.0,4209.65,23.72,71.21566032797031,5071.670275948844
1029,KY,2021,taf,PER_DIEM_wage_adj,allowed_amount,301.2594172695108,274.06190777005685,288.23459715639814,302.8300694883133,174406.0,5318.572331017056,27.49180847690519,94.07945494081255,8850.943841960381
1030,LA,2021,taf,PER_DIEM,allowed_amount,196.28584584675752,169.69,187.51,205.04,263517.0,818.99,52.84,72.13266218718154,5203.120954210049
1031,LA,2021,taf,PER_DIEM_wage_adj,allowed_amount,253.3874990018112,216.79445052939028,241.4622472179012,269.5555294945467,236041.0,1179.9308456994668,61.9678667761229,94.40451457490512,8912.212372123473
1032,MA,2021,taf,PER_DIEM,allowed_amount,288.0759710472533,205.42,243.19,274.91,235349.0,9735.77,5.26,199.5530910002165,39821.4361277407
1033,MA,2021,taf,PER_DIEM_wage_adj,allowed_amount,260.7724647621946,185.4268891069676,218.059646539028,253.26513911620296,210046.0,7967.078559738135,4.68263153209294,183.8229585346405,33790.88008442814
1034,MD,2021,taf,PER_DIEM,allowed_amount,271.89483439979523,267.88,283.62,302.65,175815.0,4976.12,0.0,76.41287317319792,5838.92718658323
1035,MD,2021,taf,PER_DIEM_wage_adj,allowed_amount,289.8958549357333,279.12726556343574,306.28085285159125,322.92826383783216,145280.0,3065.087700871757,0.0,82.93408256722006,6878.062051266474
1036,ME,2021,taf,PER_DIEM,allowed_amount,279.61964901484845,140.89,239.96,301.35,87753.0,4406.76,13.72,314.9363636634091,99184.91315753106
1037,ME,2021,taf,PER_DIEM_wage_adj,allowed_amount,353.3490845013713,246.44781480742367,293.0420556250602,348.21894262683736,56858.0,4240.939274372054,15.099605427774035,355.1025094089956,126097.7921885658
1038,MI,2021,taf,PER_DIEM,allowed_amount,219.44556565842188,193.01,219.0,241.03,272090.0,950.0,8.46,54.92333975068762,3016.5732493694627
1039,MI,2021,taf,PER_DIEM_wage_adj,allowed_amount,245.5992540102472,217.87981859410428,241.70580700256195,268.4807256235828,249984.0,1032.833224614047,21.50900900900901,62.11845299065234,3858.702201951885
1040,MO,2021,taf,PER_DIEM,allowed_amount,174.25900248260058,161.09,168.97,175.83,471280.0,2725.36,28.19,39.12737411557318,1530.951405180026
1041,MO,2021,taf,PER_DIEM_wage_adj,allowed_amount,206.63847378340503,188.05479452054797,199.34430444844432,212.7282077654924,441954.0,3503.934173309334,30.89315068493151,48.86616656746087,2387.9022349988304
1042,MS,2021,taf,PER_DIEM,allowed_amount,239.68934867993417,210.54,227.82,244.21,289228.0,1986.85,30.75,55.312465274981086,3059.468814795988
1043,MS,2021,taf,PER_DIEM_wage_adj,allowed_amount,313.9695729998911,273.9683815648446,299.1513061928126,324.4640943193998,285135.0,2067.068595927117,41.19774919614148,70.10936870090015,4915.323579638758
1044,MT,2021,taf,PER_DIEM,allowed_amount,0.0,0.0,0.0,0.0,45545.0,0.0,0.0,0.0,0.0
1045,MT,2021,taf,PER_DIEM_wage_adj,allowed_amount,0.0,0.0,0.0,0.0,39106.0,0.0,0.0,0.0,0.0
1046,NC,2021,taf,PER_DIEM,allowed_amount,311.3063987996048,259.63,318.16,330.62,690106.0,1434.0,29.82,80.28389403987981,6445.503642206649
1047,NC,2021,taf,PER_DIEM_wage_adj,allowed_amount,360.381174041948,307.24198839263187,355.6119279353903,396.0607557421586,566921.0,1544.9785516023214,30.875957755228825,97.7361256843482,9552.350263786708
1048,ND,2021,taf,PER_DIEM,allowed_amount,397.04712117768855,275.87,327.99,405.23,39603.0,2915.25,23.53,219.5120112820103,48185.52309707341
1049,ND,2021,taf,PER_DIEM_wage_adj,allowed_amount,440.54847192119934,316.44879053010806,372.3948374760994,445.25573613766727,49083.0,2271.7578173663883,25.899834892680243,242.5294535799625,58820.53585379518
1050,NE,2021,taf,PER_DIEM,allowed_amount,206.4803795666135,99.21,221.01,259.98,99034.0,1722.58,48.69,105.29935885546068,11087.954975371082
1051,NE,2021,taf,PER_DIEM_wage_adj,allowed_amount,227.7637193582804,107.92023433979271,241.94376026272576,284.471330878485,84333.0,1767.8366174055827,38.96446862996159,119.79040236859008,14349.740499628711
1052,NH,2021,taf,PER_DIEM,allowed_amount,196.88664672795556,179.91,189.96,198.16,58847.0,1506.0,101.34,40.96146123507117,1677.8413065122384
1053,NH,2021,taf,PER_DIEM_wage_adj,allowed_amount,203.01355477864564,183.84774677053545,196.7641031172473,209.9557760759357,49410.0,1485.060644906814,90.5973813420622,41.94054484414359,1759.0093018236194
1054,NJ,2021,taf,PER_DIEM,allowed_amount,394.1902081444982,239.47,251.44,268.08,60679.0,1858.0,174.61,300.353765584084,90212.38450053889
1055,NJ,2021,taf,PER_DIEM_wage_adj,allowed_amount,248.11259602698016,190.4961147638972,213.0676718721953,230.1830910070005,46217.0,1675.8365653468024,156.71333692335307,155.02292125217352,24032.10611355759
1056,NM,2021,taf,PER_DIEM,allowed_amount,406.8556968861312,346.39,380.8,431.98,8703.0,1860.0,66.86,135.5349710145295,18369.728367909356
1057,NM,2021,taf,PER_DIEM_wage_adj,allowed_amount,453.922377823741,384.484542006666,425.709688541547,570.4286863578899,4918.0,2138.1768019312563,76.85940912748592,118.41787644404484,14022.793461517069
1058,NV,2021,taf,PER_DIEM,allowed_amount,224.3742424166864,127.65,133.48,256.46,80209.0,2150.0,56.99,138.47082395779032,19174.16908754936
1059,NV,2021,taf,PER_DIEM_wage_adj,allowed_amount,199.1371400598875,108.39746300211416,126.42157357842645,234.375,75200.0,1818.181818181818,48.19450317124736,125.7265607777518,15807.168085001713
1060,NY,2021,taf,PER_DIEM,allowed_amount,289.54636227345367,226.99,279.54,315.76,2970916.0,1934.52,6.38,104.16025520001848,10849.358763332972
1061,NY,2021,taf,PER_DIEM_wage_adj,allowed_amount,246.91113189038677,207.23251643753736,228.84235020360677,258.0917513448894,2858015.0,2250.7504363001744,12.972658522396742,85.04875156795973,7233.290143268531
1062,OH,2021,taf,PER_DIEM,allowed_amount,246.94465541277623,204.28,222.24,248.8,303421.0,2212.4,69.67,100.18194569430896,10036.42224309747
1063,OH,2021,taf,PER_DIEM_wage_adj,allowed_amount,285.99025439391306,239.49899587781417,262.19421793921424,291.7963923894243,266461.0,2725.4501150670094,73.05998322147651,114.4982011237886,13109.838060583545
1064,OK,2021,taf,PER_DIEM,allowed_amount,181.69890576736896,170.57,178.48,184.56,563966.0,1350.0,7.95,44.82945821412992,2009.68032377242
1065,OK,2021,taf,PER_DIEM_wage_adj,allowed_amount,219.8890588738949,204.24865831842575,217.6555891238671,231.19254175838407,490273.0,811.6550116550117,8.888640429338103,43.54091979541306,1895.811696630593
1066,OR,2021,taf,PER_DIEM,allowed_amount,426.84633257565,351.61,392.33,492.26,42234.0,888.0,51.11,92.67153980385046,8588.014289616642
1067,OR,2021,taf,PER_DIEM_wage_adj,allowed_amount,367.27124188613647,309.16243238813314,336.30207440425164,421.96125492885307,38826.0,805.5883153406513,41.88657597115227,81.42257309586621,6629.635409551676
1068,PA,2021,taf,PER_DIEM,allowed_amount,423.59455638601634,192.61,227.75,625.02,87903.0,1372.0,39.39,318.14257189543827,101214.69605224412
1069,PA,2021,taf,PER_DIEM_wage_adj,allowed_amount,441.6301759008144,206.14672139774763,248.2105000623519,598.9171374764595,76275.0,1503.211462450593,35.643833137272644,350.32830672942924,122729.92249590904
1070,RI,2021,taf,PER_DIEM,allowed_amount,252.36599908441312,203.47,241.42,281.72,50241.0,2500.0,23.94,93.2887535270329,8702.791534627493
1071,RI,2021,taf,PER_DIEM_wage_adj,allowed_amount,247.03694927914216,198.1550539744848,232.4828263002944,270.6869479882238,40739.0,2954.0453074433653,22.34042553191489,101.54200214487128,10310.778199589042
1072,SC,2021,taf,PER_DIEM,allowed_amount,196.52519189975456,149.2275,172.32,202.63,131996.0,1612.22,0.32,86.33840624570287,7454.320393048024
1073,SC,2021,taf,PER_DIEM_wage_adj,allowed_amount,227.71695391228496,174.3378588916092,200.8532983262225,238.2745487967032,111186.0,1365.6473345049794,0.3561095036723792,98.58658382960574,9719.31451119188
1074,SD,2021,taf,PER_DIEM,allowed_amount,50.4398258892512,0.0,0.0,112.08,33427.0,914.68,0.0,89.0656826984989,7932.695834549686
1075,SD,2021,taf,PER_DIEM_wage_adj,allowed_amount,67.58335124687348,0.0,0.0,149.95063817931916,24836.0,1139.0784557907843,0.0,118.49383779206804,14040.78959469293
1076,TN,2021,taf,PER_DIEM,allowed_amount,506.8548043664102,269.76,489.8,650.02,15207.0,2372.76,25.29,258.1930827432624,66663.66797646914
1077,TN,2021,taf,PER_DIEM_wage_adj,allowed_amount,713.8192579838689,527.289504036909,631.0230920988906,896.8233977050098,7452.0,2685.9406837219835,96.41159157799412,292.0310952010094,85282.16056430101
1078,TX,2021,taf,PER_DIEM,allowed_amount,235.78042353967663,162.73,180.38,204.42,375927.0,1717.86,11.64,211.09403827241604,44560.69299415625
1079,TX,2021,taf,PER_DIEM_wage_adj,allowed_amount,261.7011776625012,173.12570898215944,197.91688150974528,226.53018151118616,286812.0,2021.963276836158,11.58324211364315,234.06663566053663,54787.1899294424
1080,UT,2021,taf,PER_DIEM,allowed_amount,237.08862601387668,204.84,218.92,228.06,153495.0,928.56,26.95,106.64982985484905,11374.18620806825
1081,UT,2021,taf,PER_DIEM_wage_adj,allowed_amount,272.034544525493,218.67237687366168,233.57509484490072,252.40991507918287,181237.0,1172.9491438793766,30.071412631109126,150.93091657926524,22780.14157945712
1082,VA,2021,taf,PER_DIEM,allowed_amount,366.8241730869922,244.58,315.4,423.32,53476.0,1353.0,28.32,174.97602867054368,30616.61060931493
1083,VA,2021,taf,PER_DIEM_wage_adj,allowed_amount,400.4277094307556,260.6025342642876,304.7407912687585,450.5689900426743,36097.0,1440.894568690096,30.159744408945688,214.8495304253306,46160.32072398506
1084,VT,2021,taf,PER_DIEM,allowed_amount,281.564536434838,243.29,273.59,301.02,72266.0,990.52,28.74,59.43277953192906,3532.2552828908865
1085,VT,2021,taf,PER_DIEM_wage_adj,allowed_amount,289.9232943884376,246.47379800267683,280.74745186862964,309.615978585401,72990.0,1019.7879131061464,29.5892103366622,64.62039629654114,4175.795617522029
1086,WA,2021,taf,PER_DIEM,allowed_amount,284.5591821987929,261.49,275.45,294.69,255331.0,1128.2,13.33,47.21619018426129,2229.3686155163323
1087,WA,2021,taf,PER_DIEM_wage_adj,allowed_amount,258.7871874762914,234.1208464349452,246.34745242480048,274.88456315074694,226085.0,1021.457673155274,11.328290983258263,44.40078788366042,1971.4299646898055
1088,WI,2021,taf,PER_DIEM,allowed_amount,223.28709609544467,191.52,208.33,240.38,46100.0,1624.0,23.83,52.14156524434064,2718.742826129832
1089,WI,2021,taf,PER_DIEM_wage_adj,allowed_amount,231.7662539363321,201.58945937467325,217.67911888270692,248.4486873508353,39193.0,1683.0759664213908,25.85159470600998,52.59880509483634,2766.634297404581
1090,WV,2021,taf,PER_DIEM,allowed_amount,378.8632707685711,289.38,339.88,428.21,93290.0,5061.4,94.95,152.54343839296325,23269.500596747777
1091,WV,2021,taf,PER_DIEM_wage_adj,allowed_amount,490.2483264854916,373.3753699652554,442.91596963067815,562.3409363745499,82554.0,6851.766617029917,111.64021164021165,202.6494199363605,41066.78740054337
1092,WY,2021,taf,PER_DIEM,allowed_amount,198.06167568795183,172.73,182.96,204.5,26419.0,901.9,30.08,64.11569617206413,4110.82249562844
1093,WY,2021,taf,PER_DIEM_wage_adj,allowed_amount,219.10827756698836,184.89947089947088,197.6190476190476,231.0416079646849,20077.0,1152.4405826731409,31.83068783068783,79.96198995378627,6393.919837369417
