,state,25%,50%,75%,count,max,mean,min,std,pmt_var,var,year,filetype,method
0,AK,547.52,652.81,740.61,6575.0,5343.1,712.7071711026615,344.72,450.4178721208625,PER_DIEM,202876.25952588563,2014,taf,allowed_amount
0,AK,294.7560975609756,374.48275862068965,644.7603027754415,7.0,2246.888141295206,684.3325723897633,289.9243061396131,722.1368576998441,PER_DIEM_wage_adj,521481.6412486049,2014,taf,allowed_amount
0,AL,179.35,191.16,201.13,260532.0,731.26,204.5762906284065,89.74,75.43674655337831,PER_DIEM,5690.702730558635,2014,taf,allowed_amount
0,AL,,,,0.0,,,,,PER_DIEM_wage_adj,,2014,taf,allowed_amount
0,CO,185.72,194.74,215.1,272049.0,877.01,210.48356586497286,30.2,60.02665028379046,PER_DIEM,3603.198744292481,2014,taf,allowed_amount
0,CO,636.9036027263876,697.996205833531,697.996205833531,5.0,721.0803527682509,671.4779302589084,603.4132841328413,49.23164219861893,PER_DIEM_wage_adj,2423.754593572836,2014,taf,allowed_amount
0,DE,347.52,420.25,474.19,37.0,695.04,428.6162162162162,347.52,76.53021252897271,PER_DIEM,5856.8734297297315,2014,taf,allowed_amount
0,DE,308.68958425150583,355.301093957673,429.6595440139045,49.0,703.9805530233972,345.6038740434698,255.26663728514765,82.51298553579844,PER_DIEM_wage_adj,6808.392782030882,2014,taf,allowed_amount
0,FL,203.28,217.9,233.07,179167.0,699.12,231.78975670742935,45.1,77.19067503906338,PER_DIEM,5958.400312986281,2014,taf,allowed_amount
0,FL,227.30118973074516,244.14387031408307,260.5886036318097,177785.0,900.1158748551564,260.23479251265894,43.45731354788977,87.8010976144341,PER_DIEM_wage_adj,7709.032742299384,2014,taf,allowed_amount
0,IL,124.38,141.11,161.32,505335.0,1151.16,148.9480153165722,74.27,81.18582811089301,PER_DIEM,6591.138686051467,2014,taf,allowed_amount
0,IL,133.44211940871568,148.8271720773128,161.42253791514685,494478.0,1480.5916398713828,154.48659250147577,69.68474385438168,83.70343829363193,PER_DIEM_wage_adj,7006.265582175849,2014,taf,allowed_amount
0,KS,137.84,160.375,177.73,1688.0,750.0,165.2848637440758,30.98,64.3065726477139,PER_DIEM,4135.335285695707,2014,taf,allowed_amount
0,KS,165.0996342540043,187.27456173540168,202.86290831126243,1658.0,793.9028262940616,192.53609003853197,35.715932672354164,75.32011189705507,PER_DIEM_wage_adj,5673.119256184897,2014,taf,allowed_amount
0,MD,223.97,237.46,251.2,207603.0,996.99,248.42927910482987,64.32,97.80076220198971,PER_DIEM,9564.98908729014,2014,taf,allowed_amount
0,MD,231.66210878152538,248.15152435936395,266.6168353265869,217350.0,1237.8817978644151,261.1419183208587,60.71934296233361,103.67031721762903,PER_DIEM_wage_adj,10747.53467200383,2014,taf,allowed_amount
0,ME,172.94,189.77,212.83,48172.0,2093.28,219.19647865980235,70.99,172.294198805571,PER_DIEM,29685.290942053623,2014,taf,allowed_amount
0,ME,188.13746117623484,209.73537266326778,231.57569515962928,44873.0,2541.0050983248366,242.6233701667192,73.1101956745623,192.75289350552262,PER_DIEM_wage_adj,37153.67795475134,2014,taf,allowed_amount
0,MT,165.81,167.67,169.72,25200.0,583.45,177.33576626984126,32.41,52.33537594966448,PER_DIEM,2738.9915757927192,2014,taf,allowed_amount
0,MT,182.2076280501209,182.6885029676852,183.69147065289073,4.0,186.70037370850736,183.21059573532642,180.765003297428,2.4969737944460793,PER_DIEM_wage_adj,6.2348781301504514,2014,taf,allowed_amount
0,NC,151.53,158.65,165.74,779914.0,547.0,168.39961046987233,23.3,44.35250921925928,PER_DIEM,1967.1450740444798,2014,taf,allowed_amount
0,NC,173.04385210662082,185.85185185185182,197.71604938271605,755439.0,603.4495192307693,196.12461577109144,24.09763160616403,53.12995291121213,PER_DIEM_wage_adj,2822.791896347618,2014,taf,allowed_amount
0,ND,197.97,235.525,276.48,38708.0,2377.34,251.7686808928387,153.38,145.32333875720792,PER_DIEM,21118.87278754221,2014,taf,allowed_amount
0,ND,261.4001473839352,314.9889462048637,376.8520892078954,48944.0,3503.817243920413,336.90347584262605,131.52117990053165,199.14741808425705,PER_DIEM_wage_adj,39659.694129625874,2014,taf,allowed_amount
0,NE,69.29,120.82,151.59,79361.0,852.59,106.89683698542103,0.0,59.887254049785234,PER_DIEM,3586.4831976235178,2014,taf,allowed_amount
0,NE,66.71827978161204,132.89257892578925,168.99283483722317,82966.0,1044.328760411563,116.92599186725195,0.0,71.09498812683343,PER_DIEM_wage_adj,5054.497336754585,2014,taf,allowed_amount
0,NH,353.68,510.11,510.11,1343.0,622.16,428.1646165301563,94.16,161.80075143463338,PER_DIEM,26179.483164812016,2014,taf,allowed_amount
0,NH,150.6095163193079,273.2179127575201,411.43095487563903,616.0,563.3110499410145,286.634303948351,91.07263758584001,149.3424336715483,PER_DIEM_wage_adj,22303.162494940803,2014,taf,allowed_amount
0,NM,175.8175,224.305,250.38750000000002,18.0,272.47,212.23444444444445,107.39,48.674875294830706,PER_DIEM,2369.243484967321,2014,taf,allowed_amount
0,NM,186.13235609648376,238.27134207061482,259.11983855945357,18.0,281.9724723170858,222.07677159274465,111.13525820138673,49.37606235178327,PER_DIEM_wage_adj,2437.995533367189,2014,taf,allowed_amount
0,NV,114.17,117.28,123.59,62420.0,1914.4,146.94939650752963,25.58,84.55329481546221,PER_DIEM,7149.259664150469,2014,taf,allowed_amount
0,NV,99.81938591210114,104.73836395858595,119.44605849312416,65145.0,1646.5124279693816,144.78001828096762,22.00051604025114,95.37897429009806,PER_DIEM_wage_adj,9097.148736631187,2014,taf,allowed_amount
0,RI,190.93,225.2,273.43,44440.0,1116.48,271.321901440144,62.18,149.58582997679602,PER_DIEM,22375.920529846928,2014,taf,allowed_amount
0,RI,178.54635164626623,211.57605085871523,250.50763829585347,41467.0,1059.3794477654426,251.25230821893206,58.99990511433722,139.77792966793115,PER_DIEM_wage_adj,19537.869622253107,2014,taf,allowed_amount
0,WI,149.44,158.26,166.67,65134.0,2332.59,171.143324070378,46.3,68.55105723543429,PER_DIEM,4699.247448095787,2014,taf,allowed_amount
0,WI,156.90949675324674,167.43036837376462,177.58091655943778,62373.0,2366.6700487012986,179.6203384405853,40.56421937970913,71.34961863084459,PER_DIEM_wage_adj,5090.768078766964,2014,taf,allowed_amount
0,AK,562.735,707.73,800.01,6515.0,5618.12,738.9439416730622,342.45,433.60907340118507,PER_DIEM,188016.8285358343,2015,taf,allowed_amount
0,AK,355.01707779886146,537.1764705882354,610.5805620420324,6435.0,4785.385863685539,563.4747346268339,259.92409867172677,387.42081509947025,PER_DIEM_wage_adj,150094.8879723379,2015,taf,allowed_amount
0,AL,186.57,199.41,207.99,254149.0,762.26,212.6087929915129,49.18,80.19817048111014,PER_DIEM,6431.746548517206,2015,taf,allowed_amount
0,AL,232.94663573085847,251.23946757845894,270.8781236911908,673323.0,1102.487706103558,271.7335754506719,65.23411593049475,105.4212210850765,PER_DIEM_wage_adj,11113.633855068576,2015,taf,allowed_amount
0,AZ,147.83,156.08,185.57,13387.0,958.78,181.27685665197578,22.12,70.9789511843483,PER_DIEM,5038.0115112301,2015,taf,allowed_amount
0,AZ,155.37476949777633,169.30252738908777,187.84286378428638,15537.0,923.4132716941153,188.79735466762327,21.304054704805935,79.62039392806264,PER_DIEM_wage_adj,6339.407129259875,2015,taf,allowed_amount
0,CO,190.95,202.23,222.39,276558.0,877.01,216.617482951135,32.42,59.188886733031666,PER_DIEM,3503.3243126956518,2015,taf,allowed_amount
0,CO,189.2319493719436,202.0232045258414,214.12407709272225,1894576.0,880.5074697652359,215.01089798160183,31.086393709847545,58.633053100908626,PER_DIEM_wage_adj,3437.8349159339705,2015,taf,allowed_amount
0,DC,273.15,288.64,299.81,61136.0,4473.98,302.45550085056266,38.69,80.96094724681369,PER_DIEM,6554.67497910135,2015,taf,allowed_amount
0,DC,222.2820340286456,231.62549264635203,277.4584254541959,62260.0,761.6745169662597,255.99713761985788,37.191194847640105,74.59662321727774,PER_DIEM_wage_adj,5564.656195420501,2015,taf,allowed_amount
0,DE,347.52,420.25,472.5,36.0,947.78,434.79305555555555,347.52,104.85412391425234,PER_DIEM,10994.387301825383,2015,taf,allowed_amount
0,DE,288.77277387806606,331.4535846675605,428.57022054960066,120.0,1156.9580078125,380.2249991797945,274.09101664169094,133.38760283380222,PER_DIEM_wage_adj,17792.25258974816,2015,taf,allowed_amount
0,FL,210.07,227.95,246.58,98103.0,716.48,243.50491564987817,46.22,81.57010619954723,PER_DIEM,6653.682225405413,2015,taf,allowed_amount
0,FL,230.3017004936917,250.6047761811227,269.3477302776554,225899.0,939.6459016393443,268.51422595415073,46.44292604501608,91.38881513629171,PER_DIEM_wage_adj,8351.9155320153,2015,taf,allowed_amount
0,HI,51.9475,90.69,154.2675,8.0,173.82,98.42625,23.89,57.008806321605135,PER_DIEM,3250.0039982142853,2015,taf,allowed_amount
0,HI,101.37953160089832,124.12977221687521,128.54908565928778,4.0,139.41289701636188,105.79884504331088,35.52293872313122,47.40579087862098,PER_DIEM_wage_adj,2247.3090088275435,2015,taf,allowed_amount
0,IL,125.75,142.67,166.05,417036.0,1137.23,152.32314334973478,73.37,84.29547813255394,PER_DIEM,7105.7276335958795,2015,taf,allowed_amount
0,IL,132.79585372876477,149.41276959214179,165.31336980516363,1962556.0,1472.1423948220065,155.82011592294384,70.10989010989012,85.4198224727444,PER_DIEM_wage_adj,7296.546071275169,2015,taf,allowed_amount
0,IN,174.98,184.88,199.65,727180.0,402.75,188.53889723314725,3.86,27.67297594060824,PER_DIEM,765.7935974094825,2015,taf,allowed_amount
0,IN,181.7329517418336,197.02950754959045,210.1323649994143,3627559.0,397.46373235961704,200.76630957728543,3.8093358334155725,33.99516796617729,PER_DIEM_wage_adj,1155.6714450486065,2015,taf,allowed_amount
0,KS,149.23,165.87,183.82,3157.0,750.0,174.12241685144124,37.29,62.61197535061929,PER_DIEM,3920.2594573065576,2015,taf,allowed_amount
0,KS,172.76912181303118,189.05620360551433,199.94606838528745,18002.0,795.3340402969247,198.92302310921568,39.5440084835631,77.10730074153264,PER_DIEM_wage_adj,5945.53582764516,2015,taf,allowed_amount
0,KY,172.92,187.46,203.87,219980.0,1801.1,210.20670751886536,58.53,105.29246155205658,PER_DIEM,11086.502459691314,2015,taf,allowed_amount
0,KY,213.79710756887997,225.94468250876508,237.28065078442765,1050785.0,2324.5998967475475,255.07034856321172,63.844610999683304,126.48395723206555,PER_DIEM_wage_adj,15998.191437082985,2015,taf,allowed_amount
0,MA,178.19,206.88,231.79,358337.0,3844.65,227.3535279080865,44.78,128.37765352291174,PER_DIEM,16480.821924048774,2015,taf,allowed_amount
0,MA,156.9445539869075,183.0809212295009,207.19390633816064,915704.0,3445.3356035487054,199.92729118668115,35.318242763624895,109.04825764256402,PER_DIEM_wage_adj,11891.522494879022,2015,taf,allowed_amount
0,MD,230.61,243.58,255.66,208402.0,1358.31,250.69147013944203,58.85,88.76545670189967,PER_DIEM,7879.306303496825,2015,taf,allowed_amount
0,MD,233.2361809045226,242.9849246231156,256.643216080402,1587870.0,1365.1356783919598,254.2703850456611,56.412960122699396,92.48033110977546,PER_DIEM_wage_adj,8552.611642173702,2015,taf,allowed_amount
0,ME,186.56,205.61,231.15,46772.0,2194.5,235.93795668348582,119.76,181.61996830857052,PER_DIEM,32985.81288840616,2015,taf,allowed_amount
0,ME,197.14552021437729,218.90977817566892,238.25723664577737,76475.0,2556.7983222649423,249.33958549915852,121.89312977099236,189.83654109581718,PER_DIEM_wage_adj,36037.91233522389,2015,taf,allowed_amount
0,MT,169.3,171.4,173.4,31093.0,606.13,177.59113080114497,19.87,45.96470450133023,PER_DIEM,2112.7540598946075,2015,taf,allowed_amount
0,MT,187.8878546099291,192.51812788398152,199.63159106608336,485.0,697.8240847340547,220.32624382498543,43.339982269503544,110.44598751093375,PER_DIEM_wage_adj,12198.316157265333,2015,taf,allowed_amount
0,NC,155.81,162.98,170.63,706361.0,547.0,172.06470745128908,24.63,41.44627004587987,PER_DIEM,1717.793300715999,2015,taf,allowed_amount
0,NC,174.29427353381726,184.59164554171718,198.51206877548773,2502465.0,588.248388986526,195.38270166628868,25.112153344208807,48.23121825728303,PER_DIEM_wage_adj,2326.2504145816724,2015,taf,allowed_amount
0,ND,207.92,245.46,290.12,36899.0,2497.2,265.3375007452777,161.11,159.4611144111326,PER_DIEM,25427.847009240322,2015,taf,allowed_amount
0,ND,231.77920685959273,305.00643118630654,389.1491130820399,100294.0,3543.635589612601,330.8982696606544,141.34935953676086,213.5370830909812,PER_DIEM_wage_adj,45598.08585500462,2015,taf,allowed_amount
0,NE,57.87,122.19,154.51,85091.0,873.79,105.9633695690496,0.0,63.825751059820654,PER_DIEM,4073.7264983501973,2015,taf,allowed_amount
0,NE,60.6511208741692,129.6139116033537,169.7132801987372,285674.0,1033.9486451307537,113.52545327768104,0.0,70.88729663100615,PER_DIEM_wage_adj,5025.008823652257,2015,taf,allowed_amount
0,NM,182.35,241.49,269.11,45.0,429.76,234.92533333333333,157.82,59.86421732858148,PER_DIEM,3583.7245163636358,2015,taf,allowed_amount
0,NM,192.39290989660265,259.31631145811355,292.7410846170078,138.0,453.42899345853556,254.42924100005948,176.83055496940284,66.19909029417653,PER_DIEM_wage_adj,4382.319555776537,2015,taf,allowed_amount
0,NV,114.35,118.39,124.42,65707.0,778.4,147.9383440120535,24.85,84.69452129358665,PER_DIEM,7173.161937149802,2015,taf,allowed_amount
0,NV,98.2016806722689,104.5546218487395,119.83049215063085,75162.0,662.3411732900784,140.5554846268829,20.88235294117647,90.00016629284663,PER_DIEM_wage_adj,8100.029932740047,2015,taf,allowed_amount
0,OH,159.05,173.61,184.09,328414.0,1397.43,184.7959988307441,90.16,105.0126634855794,PER_DIEM,11027.659492335539,2015,taf,allowed_amount
0,OH,186.50492797573918,198.04708117808508,203.55773838045042,1474105.0,2186.9014084507044,209.84292106568543,94.51724499423419,115.71944335313816,PER_DIEM_wage_adj,13390.989569960153,2015,taf,allowed_amount
0,OK,140.24,143.14,146.22,533239.0,284.54,146.25401750434605,13.7,36.4933352556247,PER_DIEM,1331.7635180794205,2015,taf,allowed_amount
0,OK,161.1501954215522,167.97319932998323,182.24852071005915,2068850.0,373.05412880284473,175.71886834008882,16.683417085427134,43.6995821816981,PER_DIEM_wage_adj,1909.6534828549857,2015,taf,allowed_amount
0,RI,194.65,229.08,282.25,42086.0,1143.67,292.73385686451553,73.46,179.9985791865844,PER_DIEM,32399.4885091891,2015,taf,allowed_amount
0,RI,181.82245627233402,214.1339100996803,255.21910851984202,236442.0,1075.484295655445,267.4894157683788,69.08030844461162,165.48403728283068,PER_DIEM_wage_adj,27384.966595425296,2015,taf,allowed_amount
0,SC,0.0,0.0,0.0,13.0,0.0,0.0,0.0,0.0,PER_DIEM,0.0,2015,taf,allowed_amount
0,SC,0.0,0.0,0.0,6.0,0.0,0.0,0.0,0.0,PER_DIEM_wage_adj,0.0,2015,taf,allowed_amount
0,TX,114.73,143.54,173.14,607790.0,1644.83,144.86035615919974,11.37,35.763062429117056,PER_DIEM,1278.9966343089238,2015,taf,allowed_amount
0,TX,123.47938421789215,157.61772853185596,183.43315916910922,2722135.0,2096.1259079903148,157.61051750755837,12.113786490517791,39.86663989579808,PER_DIEM_wage_adj,1589.3489765812394,2015,taf,allowed_amount
0,VA,154.29,174.88,197.41,266364.0,816.42,184.49029801324505,94.3,53.392661038026674,PER_DIEM,2850.7762527216114,2015,taf,allowed_amount
0,VA,175.81047381546136,190.98490865766485,213.0731519753917,2484596.0,848.2285714285714,202.2646878098583,113.68318334598287,52.64259312344639,PER_DIEM_wage_adj,2771.2426107607253,2015,taf,allowed_amount
0,WA,186.07,194.0,211.62,331780.0,660.88,203.67496250527458,25.03,41.370033392331564,PER_DIEM,1711.4796628826284,2015,taf,allowed_amount
0,WA,161.70248916829496,170.54625775210263,186.24585846572083,601651.0,561.4476255203466,178.25995238911273,20.970174262734584,37.30641945648858,PER_DIEM_wage_adj,1391.7689326634693,2015,taf,allowed_amount
0,WI,154.85,162.27,170.28,77627.0,561.0,173.07175647648367,33.93,55.881373711182775,PER_DIEM,3122.727927848869,2015,taf,allowed_amount
0,WI,152.56960493011994,164.5268904164982,174.3233202420125,182014.0,610.3797192906104,174.81391481585834,30.485175202156334,56.57998839326286,PER_DIEM_wage_adj,3201.2950865817597,2015,taf,allowed_amount
0,AK,371.29,600.0,795.87,13738.0,3161.36,629.3323198427719,71.11,245.0017384487068,PER_DIEM,60025.851842888536,2016,taf,allowed_amount
0,AK,397.0826396246406,588.201907068261,706.9154157927658,5463.0,1241.349702493033,568.448989783638,64.57545028000605,161.74172019772402,PER_DIEM_wage_adj,26160.384052518843,2016,taf,allowed_amount
0,AL,187.53,199.54,207.73,268961.0,750.12,215.4613563676518,46.88,79.28455756520218,PER_DIEM,6286.041068309857,2016,taf,allowed_amount
0,AL,242.60247392675237,268.7946074544013,292.19983664579365,243654.0,1102.7932960893854,283.72333008502073,167.47513946155712,99.71600850444418,PER_DIEM_wage_adj,9943.282352058382,2016,taf,allowed_amount
0,AR,169.55,182.81,203.7,636096.0,692.0,192.26497171810541,19.76,51.52355721849995,PER_DIEM,2654.6769484480383,2016,taf,allowed_amount
0,AR,218.99681308022724,239.36538728003325,272.74490785645,496521.0,591.4244707570865,248.15530695391726,23.633536658294467,60.89346589474054,PER_DIEM_wage_adj,3708.0141886739293,2016,taf,allowed_amount
0,AZ,150.8,159.22,191.7,15114.0,875.16,189.29370848220196,3.17,77.94839416008863,PER_DIEM,6075.952152136539,2016,taf,allowed_amount
0,AZ,158.556564091211,172.76953730352005,205.4128846579588,13513.0,849.3400621118012,189.43673863728998,3.5714285714285716,68.10380341168292,PER_DIEM_wage_adj,4638.128039137155,2016,taf,allowed_amount
0,CA,180.48,201.98,235.12,2899634.0,2310.83,229.68981737005427,1.19,102.89154449544894,PER_DIEM,10586.66992865895,2016,taf,allowed_amount
0,CA,131.901171768553,146.59454143103025,170.60938034919548,2502136.0,1260.914760914761,168.2793580173176,13.826438848920866,81.2472543472585,PER_DIEM_wage_adj,6601.116338968115,2016,taf,allowed_amount
0,CO,197.34,208.3,229.22,300363.0,1232.0,223.43610328169578,33.31,61.88259249427976,PER_DIEM,3829.4552538130897,2016,taf,allowed_amount
0,CO,200.558933124142,212.79662678956657,231.16150215473013,323829.0,1096.2414166967835,226.9465387547697,32.66326730731516,61.97188961789688,PER_DIEM_wage_adj,3840.5151028127952,2016,taf,allowed_amount
0,CT,223.03,241.91,258.34,224014.0,2455.77,281.0496839483247,54.97,199.3553306300063,PER_DIEM,39742.54785059913,2016,taf,allowed_amount
0,CT,184.21999100854188,199.23492349234922,217.32673267326732,203252.0,2608.489946116441,232.0468111983494,95.94635096658176,164.02490345958913,PER_DIEM_wage_adj,26904.168954927532,2016,taf,allowed_amount
0,GA,153.21,167.31,185.85,1045205.0,678.09,170.9749851273195,25.93,44.03775290870108,PER_DIEM,1939.3236812478103,2016,taf,allowed_amount
0,GA,193.72132064913265,201.6278756894928,229.64473684210526,11013.0,404.46656800753397,205.6033614019114,83.82717379592715,55.80257179896562,PER_DIEM_wage_adj,3113.927019378714,2016,taf,allowed_amount
0,HI,306.14,381.12,390.27,934.0,4484.4,389.31524625267673,289.32,253.98280239417235,PER_DIEM,64507.26391199721,2016,taf,allowed_amount
0,HI,281.75283835661196,281.75283835661196,281.75283835661196,1.0,281.75283835661196,281.75283835661196,281.75283835661196,,PER_DIEM_wage_adj,,2016,taf,allowed_amount
0,IA,163.87,184.78,251.94,54778.0,2173.09,237.11258151082552,1.6,157.31883089187318,PER_DIEM,24749.214553185786,2016,taf,allowed_amount
0,IA,186.50737042320495,204.77976637016397,226.26010461245843,45151.0,2583.321445553971,244.4201648518309,1.8557179308745073,155.0717551623906,PER_DIEM_wage_adj,24047.24924914441,2016,taf,allowed_amount
0,ID,229.61,251.42,285.27,64274.0,3968.0,273.1772486541992,32.44,121.96801696923883,PER_DIEM,14876.197163408533,2016,taf,allowed_amount
0,ID,269.1790040376851,348.8183237896929,372.52619324796274,56592.0,5774.155995343423,337.7012712910211,33.415739596209306,119.66958845606113,PER_DIEM_wage_adj,14320.810401243041,2016,taf,allowed_amount
0,IL,124.33,144.11,172.7,518850.0,2899.58,144.31018766502845,28.75,80.49714769512583,PER_DIEM,6479.7907870509025,2016,taf,allowed_amount
0,IL,135.81706063720452,153.91097666378568,169.45486010960485,431734.0,1017.177191328935,145.3031558998606,34.76588789539467,51.26654778291004,PER_DIEM_wage_adj,2628.258921577398,2016,taf,allowed_amount
0,IN,179.57,188.93,206.78,817711.0,639.18,201.68487146436823,3.1,44.48990892379924,PER_DIEM,1979.3519960479516,2016,taf,allowed_amount
0,IN,190.24875621890547,206.5326633165829,227.6616915422886,711461.0,386.93503676027484,218.69065159612794,20.606965174129357,48.2964917612922,PER_DIEM_wage_adj,2332.5511164485656,2016,taf,allowed_amount
0,KS,159.95749999999998,190.02,422.0,15258.0,6541.0,280.8704712282082,60.65,166.6262353401545,PER_DIEM,27764.30230363255,2016,taf,allowed_amount
0,KS,183.7669094693028,206.02736494456238,229.86472424557752,8775.0,7715.263033734372,228.58204798630334,64.09849926019868,138.99363575708819,PER_DIEM_wage_adj,19319.230780974107,2016,taf,allowed_amount
0,KY,174.27,189.68,207.28,227017.0,3029.56,207.18222630904293,33.47,92.25617806088913,PER_DIEM,8511.202390402479,2016,taf,allowed_amount
0,KY,217.26943942133818,227.20227331438906,242.54714544045467,212989.0,2137.2771893567556,248.7572221132123,43.231723068974425,96.2180276556802,PER_DIEM_wage_adj,9257.90884594924,2016,taf,allowed_amount
0,LA,135.02,150.77,168.16,316313.0,1733.11,170.2106003230977,85.14,122.0293147293879,PER_DIEM,14891.153653324007,2016,taf,allowed_amount
0,LA,168.06675222159078,190.3434401494468,212.56942767447475,232519.0,1896.3069406523928,212.11095043591814,98.41636804993642,145.43287178304118,PER_DIEM_wage_adj,21150.7201950625,2016,taf,allowed_amount
0,MA,184.4475,213.09,239.44,379920.0,3945.22,236.24110520635924,3.58,143.88317619548664,PER_DIEM,20702.368392101456,2016,taf,allowed_amount
0,MA,160.08596868283698,186.98734631607286,214.15654139587454,363740.0,3028.2622044826526,205.2030745058279,33.036536690205715,110.19379362577595,PER_DIEM_wage_adj,12142.6721536401,2016,taf,allowed_amount
0,MD,231.96,244.14,256.4,224065.0,4041.0,251.72395322785798,57.9,85.19308347706585,PER_DIEM,7257.861472330312,2016,taf,allowed_amount
0,MD,238.34745762711864,252.98755186721993,265.2339331619537,225113.0,4340.960360941025,260.73915821228763,54.40706634091336,88.04013807180436,PER_DIEM_wage_adj,7751.065911702375,2016,taf,allowed_amount
0,ME,193.06,216.99,250.82,53219.0,2801.95,253.77102876792122,6.87,166.85639322304618,PER_DIEM,27841.055959403813,2016,taf,allowed_amount
0,ME,207.17918391484326,233.15794698699494,264.63630987581314,43590.0,1499.988172678888,246.94646159912952,6.820212449121414,102.28925899993969,PER_DIEM_wage_adj,10463.092506756744,2016,taf,allowed_amount
0,MI,174.96,201.02,218.64,301262.0,1097.4,212.74078675704206,70.8,97.19106352709635,PER_DIEM,9446.102829528078,2016,taf,allowed_amount
0,MI,191.92165166754899,218.25775656324583,243.62768496420048,274113.0,1340.417735434225,234.27570781411373,62.50551778935287,106.39430665856341,PER_DIEM_wage_adj,11319.748489356429,2016,taf,allowed_amount
0,MO,150.04,156.09,163.51,560197.0,2419.47,163.98732918955295,28.41,52.82693343897387,PER_DIEM,2790.684896565775,2016,taf,allowed_amount
0,MO,172.54753673293,186.27780651836522,197.71081220900155,451901.0,2782.617692705639,192.66907462284937,29.889531825355075,58.91352984761743,PER_DIEM_wage_adj,3470.8039991061105,2016,taf,allowed_amount
0,MS,185.74,204.01,224.51,210806.0,3490.29,228.1238643112625,34.53,89.56939442031266,PER_DIEM,8022.676416821537,2016,taf,allowed_amount
0,MS,241.29097073967097,262.72237196765496,288.43400728368704,180235.0,4703.894878706199,285.2985889557091,75.91644204851752,112.48269531144985,PER_DIEM_wage_adj,12652.356744528463,2016,taf,allowed_amount
0,MT,172.54,174.7,177.22,45613.0,2746.91,182.23202705369084,34.11,52.256060482167655,PER_DIEM,2730.695857115964,2016,taf,allowed_amount
0,MT,187.32275132275134,190.33763977852567,195.07111062859624,20991.0,701.1191047162271,198.78885505247172,38.95169578622816,56.92590887324559,PER_DIEM_wage_adj,3240.5591010450607,2016,taf,allowed_amount
0,NC,158.33,166.04,174.35,746958.0,1231.0,175.2002335874306,24.49,41.2997654378432,PER_DIEM,1705.6706252208676,2016,taf,allowed_amount
0,NC,182.92583537082314,196.04923798358732,208.89112143664448,727873.0,588.5932004689332,205.07388076341633,24.949062754686224,49.42865177886909,PER_DIEM_wage_adj,2443.1916166766982,2016,taf,allowed_amount
0,ND,225.53,269.72,336.62,46807.0,2563.5,330.1726337940906,165.39,233.69987507776068,PER_DIEM,54615.63161136095,2016,taf,allowed_amount
0,ND,268.7086307592472,327.8445134296126,392.7655554055878,48861.0,3605.485232067511,358.4223787455808,147.41955611017025,232.0143665181089,PER_DIEM_wage_adj,53830.66627079936,2016,taf,allowed_amount
0,NE,43.31,105.05,153.79,111113.0,981.0,97.6857324525483,0.0,66.52088237547574,PER_DIEM,4425.027792011879,2016,taf,allowed_amount
0,NE,63.5233918128655,139.3562891965448,182.3807833392498,92591.0,1085.8773181169759,124.34498508300035,0.0,77.0884714337197,PER_DIEM_wage_adj,5942.63242798742,2016,taf,allowed_amount
0,NH,51.5,142.8,159.39,124799.0,1346.0,111.79636030737424,19.08,60.109663030488775,PER_DIEM,3613.1715896389087,2016,taf,allowed_amount
0,NH,50.37190082644628,144.7212921016348,163.62603305785123,7682.0,622.6756198347108,112.49074092432038,20.37190082644628,62.95656414294501,PER_DIEM_wage_adj,3963.5289686847495,2016,taf,allowed_amount
0,NJ,203.59,213.5,225.84,242739.0,2567.73,285.70694091184356,82.83,294.043512324386,PER_DIEM,86461.58714006131,2016,taf,allowed_amount
0,NJ,164.70179770079469,184.07578558225507,204.97182959375309,201979.0,3113.532193524918,215.72651009225854,127.81421186636832,178.43857150848032,PER_DIEM_wage_adj,31840.323801987048,2016,taf,allowed_amount
0,NM,268.85,306.47,392.24,9097.0,2091.3,329.7144179399802,116.14,98.52616499535635,PER_DIEM,9707.405188692182,2016,taf,allowed_amount
0,NM,187.47810804497215,232.46949573480185,281.918799265738,87.0,583.6949302634491,240.8660615247107,126.53061224489797,78.56076867266904,PER_DIEM_wage_adj,6171.794374440618,2016,taf,allowed_amount
0,NV,113.2,119.43,183.61,69309.0,840.14,163.77961924136835,25.39,100.81829105721157,PER_DIEM,10164.327811696627,2016,taf,allowed_amount
0,NV,96.97847682119206,103.03807947019868,157.0612582781457,69058.0,752.9831199068685,152.63277987942033,21.0182119205298,102.11302560994274,PER_DIEM_wage_adj,10427.069999216821,2016,taf,allowed_amount
0,NY,214.44,256.83,290.32,3348008.0,1555.02,266.7350834436477,9.63,87.89186501073279,PER_DIEM,7724.979935064875,2016,taf,allowed_amount
0,NY,191.48608004935608,214.80595633053008,238.176066661523,3116123.0,1199.7685363783658,224.52652557603236,55.605277370573255,66.10812082817357,PER_DIEM_wage_adj,4370.283639432396,2016,taf,allowed_amount
0,OK,141.0,144.26,148.22,640852.0,896.16,153.41520338549304,13.15,49.24205160508571,PER_DIEM,2424.7796462779247,2016,taf,allowed_amount
0,OK,168.0437009218163,184.97243236312346,189.87159329140462,531051.0,383.76544047780646,185.59590189234365,21.452145214521455,43.72079233313748,PER_DIEM_wage_adj,1911.5076822373333,2016,taf,allowed_amount
0,OR,272.0,281.08,393.52,63714.0,3935.36,356.3265663747371,45.34,152.38564233772848,PER_DIEM,23221.383990682105,2016,taf,allowed_amount
0,OR,228.2419813235891,252.694165737644,359.09053999187984,61891.0,3195.582622817702,308.12086534919234,36.81688997157938,131.7656815166,PER_DIEM_wage_adj,17362.19482553407,2016,taf,allowed_amount
0,PA,181.68,200.47,224.58,699614.0,2361.49,222.48827237591013,67.75,150.1672662824322,PER_DIEM,22550.2078627389,2016,taf,allowed_amount
0,PA,193.11057217281956,213.45629846992244,238.71449925261584,652950.0,3040.023171987641,236.42437122808124,136.34329693932344,162.4221666268696,PER_DIEM_wage_adj,26380.960211766593,2016,taf,allowed_amount
0,RI,197.19,230.71,284.5,40523.0,2240.16,307.4210497742023,48.63,207.5806228139385,PER_DIEM,43089.714967822605,2016,taf,allowed_amount
0,RI,183.7053781670905,214.99481962889703,255.62776678911175,36430.0,1328.3790147876045,275.7461416234577,85.70217575586322,185.94143304890082,PER_DIEM_wage_adj,34574.21652427887,2016,taf,allowed_amount
0,SC,0.0,0.0,0.0,93.0,0.0,0.0,0.0,0.0,PER_DIEM,0.0,2016,taf,allowed_amount
0,SC,0.0,0.0,0.0,79.0,0.0,0.0,0.0,0.0,PER_DIEM_wage_adj,0.0,2016,taf,allowed_amount
0,SD,94.0,117.29,146.38,43327.0,958.56,128.9940240496688,18.26,69.37138898129108,PER_DIEM,4812.389609193592,2016,taf,allowed_amount
0,SD,113.88370130588756,142.27196048378784,171.86254980079678,39930.0,1215.8295281582953,151.88566669208282,69.94683859291936,76.65122185497877,PER_DIEM_wage_adj,5875.4098118611755,2016,taf,allowed_amount
0,TN,434.85,482.01,670.92,10884.0,3942.78,579.7426718118339,254.37,324.3616549958589,PER_DIEM,105210.48323165259,2016,taf,allowed_amount
0,TN,,,,0.0,,,,,PER_DIEM_wage_adj,,2016,taf,allowed_amount
0,TX,145.5,162.34,185.12,417282.0,3038.1,172.59932613915768,17.0,65.66347399218338,PER_DIEM,4311.691816722143,2016,taf,allowed_amount
0,TX,145.63481843935102,178.38935716461864,207.6487252124646,184252.0,3508.1986143187064,181.22293750441352,17.26414136285163,52.224152501126106,PER_DIEM_wage_adj,2727.3621044608763,2016,taf,allowed_amount
0,UT,175.31,184.17,195.42,129115.0,907.25,209.72811183828367,22.49,97.63771473969965,PER_DIEM,9533.123339590962,2016,taf,allowed_amount
0,UT,190.61598681499794,202.51684919966303,230.17528766534036,142002.0,1267.5349243306168,255.6264098373243,49.64195450716091,156.38279575194096,PER_DIEM_wage_adj,24455.578807193284,2016,taf,allowed_amount
0,VA,156.07,178.06,202.08,261887.0,979.0,186.94878982156425,43.75,56.03736891575802,PER_DIEM,3140.1867150007633,2016,taf,allowed_amount
0,VA,180.72033898305085,199.94743067420157,224.22669711438655,259166.0,893.9151005388355,211.97998641884232,42.13212634822804,60.17869659890069,PER_DIEM_wage_adj,3621.4755243425416,2016,taf,allowed_amount
0,VT,193.99,226.91,240.29,31203.0,617.95,228.63519917956606,65.99,60.45394061315865,PER_DIEM,3654.6789356593126,2016,taf,allowed_amount
0,VT,199.11364979318495,234.4111570247934,251.5702479338843,32864.0,715.1388547554682,239.70924571862497,68.17148760330578,64.85441170619332,PER_DIEM_wage_adj,4206.094717756426,2016,taf,allowed_amount
0,WA,193.13,202.56,217.77,342998.0,2816.17,217.66787202840837,6.37,74.74188233546174,PER_DIEM,5586.3489750480085,2016,taf,allowed_amount
0,WA,165.5639097744361,177.57626410363562,191.35812787296283,325546.0,582.398662766402,183.395579814436,21.82198077726703,36.17994667688007,PER_DIEM_wage_adj,1308.9885415418853,2016,taf,allowed_amount
0,WI,155.54,163.55,181.51,39551.0,1312.0,239.99822861621703,36.04,196.0985689037998,PER_DIEM,38454.648726118314,2016,taf,allowed_amount
0,WI,161.34624043223775,172.84244721169463,184.70283656010807,33319.0,628.8496172895092,184.2956919101178,33.65707881957415,57.92866232716577,PER_DIEM_wage_adj,3355.729919014794,2016,taf,allowed_amount
0,WV,218.29,256.46,385.13,107091.0,4328.64,331.14459095535574,29.11,214.17308832614245,PER_DIEM,45870.11176315761,2016,taf,allowed_amount
0,WV,283.2790445168295,319.4849982756639,428.69427472278795,80765.0,2638.081570996979,377.1030674111409,116.14984591679507,199.08851369243774,PER_DIEM_wage_adj,39636.23628426397,2016,taf,allowed_amount
0,WY,176.0,185.49,202.71,28876.0,992.13,206.4123895276354,51.79,70.53536636921208,PER_DIEM,4975.237908838976,2016,taf,allowed_amount
0,WY,183.9059080962801,200.09846827133478,218.4792122538293,26365.0,1193.5826542491268,218.04884521128002,56.66301969365426,82.53267999759521,PER_DIEM_wage_adj,6811.643267585453,2016,taf,allowed_amount
0,AK,395.74,624.35,844.94,14147.0,6709.33,660.7767357036828,92.82,361.74697914954123,PER_DIEM,130860.87692381862,2017,taf,allowed_amount
0,AK,361.68209661701235,535.277739106223,646.4917165529722,4882.0,1617.6806348322427,527.0170672044229,108.91688709452875,170.2228798694617,PER_DIEM_wage_adj,28975.82883105319,2017,taf,allowed_amount
0,AL,191.1,204.83,212.87,271878.0,732.1,225.51981944107283,48.81,96.04971264710248,PER_DIEM,9225.547299590959,2017,taf,allowed_amount
0,AL,251.25854794121926,278.0154226684126,303.5646733595227,236953.0,1080.4309327036601,300.1864383934019,142.0194965808235,122.1438062374363,PER_DIEM_wage_adj,14919.10940216838,2017,taf,allowed_amount
0,AR,172.62,189.8,206.21,857299.0,725.0,201.51552943605438,20.63,57.93859078900141,PER_DIEM,3356.8803026153587,2017,taf,allowed_amount
0,AR,223.77460439984563,243.2052870714581,274.5697370232686,689271.0,608.6854460093897,256.8299095637261,28.142731055352414,66.49891850340755,PER_DIEM_wage_adj,4422.10616212284,2017,taf,allowed_amount
0,AZ,159.335,166.95,203.02,14928.0,982.93,210.30676112004286,27.6,99.35933727356772,PER_DIEM,9872.277903442582,2017,taf,allowed_amount
0,AZ,170.07422402159244,185.32388663967612,220.3441295546559,13296.0,969.7415153906866,204.31698143805573,36.71073401736385,70.25566989531745,PER_DIEM_wage_adj,4935.859152439815,2017,taf,allowed_amount
0,CA,187.74,217.22,245.45,2063953.0,2105.0,249.88642979273268,2.29,118.85754752594065,PER_DIEM,14127.116603881239,2017,taf,allowed_amount
0,CA,132.0824046744172,150.74995482199867,177.32720555104984,1510426.0,1270.1570680628272,177.85273040300964,15.50240304012518,95.3010273646916,PER_DIEM_wage_adj,9082.285816765698,2017,taf,allowed_amount
0,CO,202.58,217.0,230.37,281141.0,1091.17,228.2686689597035,31.88,63.54845787352855,PER_DIEM,4038.406498103632,2017,taf,allowed_amount
0,CO,201.56764079736791,214.77556732980108,228.4691310238049,295069.0,924.0595137292851,226.81693599015242,30.849622604993222,62.72618482022655,PER_DIEM_wage_adj,3934.57426210122,2017,taf,allowed_amount
0,CT,223.83,242.37,258.91,217082.0,2773.85,283.8474334583245,10.86,206.22221254926802,PER_DIEM,42527.60094871547,2017,taf,allowed_amount
0,CT,187.63518112379944,203.07040762308097,222.38038387363395,190339.0,2667.878308968787,238.3771128270837,98.8353626257279,173.9326205160243,PER_DIEM_wage_adj,30252.556479571314,2017,taf,allowed_amount
0,DE,527.84,742.21,899.85,2735.0,1799.7,814.341407678245,249.49,321.98380127340954,PER_DIEM,103673.56828247447,2017,taf,allowed_amount
0,DE,321.1447348311172,400.17853265612143,468.0365296803653,72.0,499.82159847764035,392.48769705221446,265.5662540119211,81.0746048833187,PER_DIEM_wage_adj,6573.091556986244,2017,taf,allowed_amount
0,FL,197.78,224.96,259.38,190292.0,706.56,212.14407878418433,0.0,115.14229982164812,PER_DIEM,13257.74920821831,2017,taf,allowed_amount
0,FL,202.93726333026302,237.48965843280936,264.64196457676843,143438.0,604.2267935728175,200.64726119107777,0.0,105.19043556473,PER_DIEM_wage_adj,11065.027734297613,2017,taf,allowed_amount
0,GA,159.23,173.66,191.66,1042653.0,803.25,178.01217669732884,22.95,48.78004196266454,PER_DIEM,2379.4924938793133,2017,taf,allowed_amount
0,GA,194.1362053959965,202.37196765498652,230.42265608238577,15812.0,457.088948787062,217.1999588024815,83.38339412143317,64.07232249968608,PER_DIEM_wage_adj,4105.26251050378,2017,taf,allowed_amount
0,HI,315.02,390.27,401.59,876.0,4592.1,387.06393835616433,296.26,208.4855866752637,PER_DIEM,43466.23985132889,2017,taf,allowed_amount
0,HI,,,,0.0,,,,,PER_DIEM_wage_adj,,2017,taf,allowed_amount
0,IA,170.87,198.58,428.85,13636.0,2417.62,282.27479906130833,82.26,163.08706120431526,PER_DIEM,26597.389532260073,2017,taf,allowed_amount
0,IA,196.99539617155318,224.24279137387933,519.5662708989581,11436.0,2929.0283498909616,321.83023858634124,85.9471319611326,183.3392016627143,PER_DIEM_wage_adj,33613.26286632142,2017,taf,allowed_amount
0,ID,235.34,260.0,290.66,61695.0,4069.24,282.47062971067345,34.54,131.8158397275543,PER_DIEM,17375.41560308028,2017,taf,allowed_amount
0,ID,275.23224043715845,348.3238668003118,385.2390710382514,50322.0,5559.071038251366,354.7608938905913,35.454732087866965,160.93813287786205,PER_DIEM_wage_adj,25901.08261421238,2017,taf,allowed_amount
0,IL,136.53,157.91,196.95,330564.0,3175.5,204.88364307668107,55.56,176.08824339144223,PER_DIEM,31007.0694606838,2017,taf,allowed_amount
0,IL,149.18143081408385,163.077924896896,187.70530267480055,270605.0,2159.5550411522636,198.25312367095844,103.5755258126195,155.05579251432457,PER_DIEM_wage_adj,24042.29879224527,2017,taf,allowed_amount
0,IN,185.09,194.42,209.6,783111.0,639.18,211.04665061530233,2.08,55.531453431075995,PER_DIEM,3083.7423201677616,2017,taf,allowed_amount
0,IN,194.9970685948798,213.2566649242028,234.4190033059875,682560.0,475.8173135790376,229.38377552020967,26.705100644909123,62.85682854541215,PER_DIEM_wage_adj,3950.9808947873394,2017,taf,allowed_amount
0,KS,169.73,196.71,419.0,14158.0,1047.5,269.30273273061164,67.58,144.74416196130744,PER_DIEM,20950.872421881202,2017,taf,allowed_amount
0,KS,198.61255636489767,222.11238293444327,245.56451612903223,7815.0,1362.513007284079,249.4061553395488,72.46407891915077,133.4986803772063,PER_DIEM_wage_adj,17821.89766245549,2017,taf,allowed_amount
0,KY,175.67,192.34,208.51,240374.0,3248.14,212.1542123524175,38.13,96.11706373181588,PER_DIEM,9238.489940425956,2017,taf,allowed_amount
0,KY,215.0158127767236,226.9955724225174,244.42939383677614,210435.0,2631.1434699175975,252.8589995119103,40.62000639181848,103.05926491873079,PER_DIEM_wage_adj,10621.212085589135,2017,taf,allowed_amount
0,LA,139.37,154.77,172.29,318366.0,2301.59,176.46484012111847,84.83,130.65172484306106,PER_DIEM,17069.87320446694,2017,taf,allowed_amount
0,LA,174.0689481630599,195.2144858805777,218.47670948488386,228729.0,2450.3733333333334,216.28260237718152,91.43134296184523,141.6755963403356,PER_DIEM_wage_adj,20071.974598389712,2017,taf,allowed_amount
0,MA,181.52,213.8,244.07,384098.0,3984.9,238.06742794807573,1.51,146.70823790219652,PER_DIEM,21523.307068367492,2017,taf,allowed_amount
0,MA,164.35382799019163,193.16062968057466,221.93261284170376,325921.0,3045.162769371848,212.35320535565282,30.83447959651536,117.12332471004281,PER_DIEM_wage_adj,13717.873191134124,2017,taf,allowed_amount
0,MD,235.17,249.13,263.52,219859.0,3840.69,257.4953643471498,60.12,87.9875954669945,PER_DIEM,7741.8169560634715,2017,taf,allowed_amount
0,MD,243.9528331420223,259.2580101180439,274.6425962642179,204388.0,4007.81592403214,268.52481330123175,55.29292743493056,91.90847101112762,PER_DIEM_wage_adj,8447.167043603285,2017,taf,allowed_amount
0,ME,197.73,223.79,255.82,52599.0,3767.28,259.905535276336,26.34,177.03504557463742,PER_DIEM,31341.407361613954,2017,taf,allowed_amount
0,ME,212.82129085863284,236.78329902969716,270.95952170930116,43199.0,1566.7975255769688,254.41134338796988,83.27942761932765,115.72870934793319,PER_DIEM_wage_adj,13393.134167338398,2017,taf,allowed_amount
0,MI,180.13,205.79,222.02,310406.0,1104.79,215.98255800467774,68.89,93.50312527431642,PER_DIEM,8742.83443606451,2017,taf,allowed_amount
0,MI,196.95776664280604,223.0700976042591,249.11961831193912,271159.0,1332.7009485771343,237.46403393078623,61.19204121513591,100.20836623606901,PER_DIEM_wage_adj,10041.716663702136,2017,taf,allowed_amount
0,MO,149.0,155.11,162.88,559621.0,2404.22,162.74539021945208,26.92,52.83503242431032,PER_DIEM,2791.540651277923,2017,taf,allowed_amount
0,MO,172.26093224411338,184.49074074074076,196.4891975308642,433529.0,2817.824074074074,191.1571474855846,28.218029350104825,54.82445131194893,PER_DIEM_wage_adj,3005.720461656258,2017,taf,allowed_amount
0,MS,185.82,201.47,227.41,284108.0,3289.94,219.11147556562995,6.88,62.622735832345704,PER_DIEM,3921.6070431277544,2017,taf,allowed_amount
0,MS,242.98666666666668,259.52,290.1333333333333,237221.0,629.7066666666666,280.00519571973535,120.57333333333334,76.88583858203482,PER_DIEM_wage_adj,5911.432174462715,2017,taf,allowed_amount
0,MT,176.08,184.82,187.2,51977.0,1010.5,199.17356196009774,34.33,68.48993699240694,PER_DIEM,4690.871469223872,2017,taf,allowed_amount
0,MT,191.13311094372108,200.1355166572558,206.0690842569676,35955.0,892.7165083298913,209.72655918313166,36.94178413859894,60.750488441364524,PER_DIEM_wage_adj,3690.6218458643643,2017,taf,allowed_amount
0,NC,165.34,174.89,183.62,753803.0,709.36,184.2825591699688,26.55,49.28817678071514,PER_DIEM,2429.324370367027,2017,taf,allowed_amount
0,NC,189.3078814849514,205.62221460404524,220.71479799187188,682863.0,590.4621898153594,216.29916637004197,27.36549165120594,59.47423800172153,PER_DIEM_wage_adj,3537.1849858854175,2017,taf,allowed_amount
0,ND,225.43,270.26,331.64,44513.0,2582.26,312.633829892391,166.6,186.31802254215276,PER_DIEM,34714.40552401815,2017,taf,allowed_amount
0,ND,262.7302722023646,319.30371525071445,378.3002038735983,47192.0,3549.986252405829,347.22804964559947,149.45725307257558,215.73673397970862,PER_DIEM_wage_adj,46542.33838823157,2017,taf,allowed_amount
0,NE,42.0,95.54,155.79,109851.0,1003.0,96.85969422217367,0.46,66.2945494383656,PER_DIEM,4394.967285235901,2017,taf,allowed_amount
0,NE,71.95197233028618,141.61735313455125,184.76125973586184,77652.0,1032.9900654228252,127.94528146165715,0.4806185351582907,72.25485130241464,PER_DIEM_wage_adj,5220.763536734049,2017,taf,allowed_amount
0,NH,52.15,148.54,164.11,121728.0,1346.0,113.48079439405889,19.43,60.39599404527604,PER_DIEM,3647.676096717019,2017,taf,allowed_amount
0,NH,51.638065522620906,144.91029641185648,163.06399751063168,7153.0,890.6233793174982,115.59775587656742,42.248439937597496,67.85198923316261,PER_DIEM_wage_adj,4603.892442897215,2017,taf,allowed_amount
0,NJ,204.93,214.54,227.62,189350.0,2665.74,303.15229405862164,76.0,271.0842360106982,PER_DIEM,73486.66301350393,2017,taf,allowed_amount
0,NJ,166.97347049269084,184.71395055044215,197.95163327919147,153085.0,3170.4804947668886,223.00036580200353,133.4419615145872,196.51369275317154,PER_DIEM_wage_adj,38617.6314394879,2017,taf,allowed_amount
0,NM,274.26,308.55,400.07,9200.0,1700.39,338.62147826086965,83.33,104.41367736416785,PER_DIEM,10902.216020708538,2017,taf,allowed_amount
0,NM,192.26809768919065,269.95051731893835,277.47234694995075,63.0,657.2116964187932,254.7471074822953,175.77597840755737,78.333977932405,PER_DIEM_wage_adj,6136.212098714515,2017,taf,allowed_amount
0,NV,118.91,125.92,239.2,73205.0,999.75,187.29472699952188,25.36,111.9911264172668,PER_DIEM,12542.012396208233,2017,taf,allowed_amount
0,NV,100.57038935273208,112.4328345870877,195.26328841861618,66384.0,826.4445730346367,164.71586853408917,20.963875340993635,104.44595255335311,PER_DIEM_wage_adj,10908.957004777289,2017,taf,allowed_amount
0,NY,219.94,269.31,302.19,2911218.0,1597.3,277.2163317106448,4.58,93.55251710695018,PER_DIEM,8752.073457046205,2017,taf,allowed_amount
0,NY,197.76536312849163,218.78592236831744,245.1117318435754,2594239.0,1239.3699565487275,233.59568018837263,57.223774053382996,73.46016419715608,PER_DIEM_wage_adj,5396.395723873132,2017,taf,allowed_amount
0,OH,182.73,195.6,216.99,390339.0,2774.08,227.0168693366535,27.58,133.7958413768238,PER_DIEM,17901.327169732194,2017,taf,allowed_amount
0,OH,208.22452851244282,219.82789964852745,235.971397406375,311527.0,2422.0623864324652,245.19268068916796,107.44403956272775,149.0752158452689,PER_DIEM_wage_adj,22223.41997931351,2017,taf,allowed_amount
0,OK,141.16,145.38,149.46,642544.0,715.2,153.99174232426108,11.84,47.303421176621576,PER_DIEM,2237.6136550128504,2017,taf,allowed_amount
0,OK,163.80449141347427,179.9438632304159,186.06787445776982,499262.0,385.4748603351955,182.56911498202274,13.033905768383972,44.33632499932797,PER_DIEM_wage_adj,1965.7097144460345,2017,taf,allowed_amount
0,OR,281.28,301.7,301.7,65483.0,1331.37,328.0479072431011,45.34,93.27165034395388,PER_DIEM,8699.600757884791,2017,taf,allowed_amount
0,OR,246.9711853307138,259.192439862543,287.36070101914464,54833.0,1125.2119249452328,285.726608512994,37.11525867714473,85.30471251428114,PER_DIEM_wage_adj,7276.893977144152,2017,taf,allowed_amount
0,PA,181.75,200.74,224.04,695304.0,2352.45,223.75421112204157,87.89,155.58197428753806,PER_DIEM,24205.750723208155,2017,taf,allowed_amount
0,PA,192.4239431054919,215.66848906560637,239.4507410636443,580743.0,3006.325878594249,236.89521928867066,136.17765814266488,164.03965585503232,PER_DIEM_wage_adj,26909.00869303744,2017,taf,allowed_amount
0,RI,201.77,236.85,292.22,38298.0,1989.47,313.8807151809494,83.62,212.46611381122892,PER_DIEM,45141.84951804608,2017,taf,allowed_amount
0,RI,188.8069578370202,219.62563811684626,261.1930421629798,33170.0,1343.7984496124031,284.0199213810747,86.6988088485536,195.09306457231418,PER_DIEM_wage_adj,38061.30384421715,2017,taf,allowed_amount
0,SC,125.28,146.91,176.51,156643.0,2007.98,173.44202971087122,1.26,128.25919145682204,PER_DIEM,16450.420193157734,2017,taf,allowed_amount
0,SC,146.84437006932822,168.18237379293484,194.50975326185247,121481.0,1508.7753950338601,199.10340745020676,71.296,149.9907242403776,PER_DIEM_wage_adj,22497.217358152997,2017,taf,allowed_amount
0,SD,96.97,121.72,154.89,42145.0,993.72,137.21843801162655,40.56,76.41436614857375,PER_DIEM,5839.155353888293,2017,taf,allowed_amount
0,SD,119.61524412516741,147.1691221234628,180.3360525995373,32271.0,1231.6807139315817,159.28252669630035,72.36708432102947,76.310919762034,PER_DIEM_wage_adj,5823.356474927592,2017,taf,allowed_amount
0,TN,464.02,509.61,760.71,11094.0,4424.1,615.3031521543177,285.43,352.58539901340845,PER_DIEM,124316.46359744444,2017,taf,allowed_amount
0,TN,,,,0.0,,,,,PER_DIEM_wage_adj,,2017,taf,allowed_amount
0,TX,145.55,163.04,184.87,411647.0,2966.1,169.54676416930036,15.92,61.62478959572933,PER_DIEM,3797.61469271791,2017,taf,allowed_amount
0,TX,147.4624180907105,179.9846793609105,210.31707317073173,172908.0,3617.19512195122,181.1373775718818,16.088933804951996,53.426831343413916,PER_DIEM_wage_adj,2854.4263073975953,2017,taf,allowed_amount
0,UT,177.66,189.79,199.6,126398.0,910.8,214.8061424231396,42.15,100.96836511672146,PER_DIEM,10194.610754343574,2017,taf,allowed_amount
0,UT,194.44618436162438,208.29603414177163,236.73014812339903,105892.0,1205.7513661202186,260.17070010382514,62.20899885165467,157.20097410234803,PER_DIEM_wage_adj,24712.146258727098,2017,taf,allowed_amount
0,VA,159.12,183.5,219.18,243997.0,3397.26,203.466998364734,7.4,102.45007128673221,PER_DIEM,10496.017106656513,2017,taf,allowed_amount
0,VA,184.61741077308048,209.2190175161333,236.00684841301197,201878.0,1058.3432108521006,219.73294621907198,112.20108997886776,66.25824159996863,PER_DIEM_wage_adj,4390.154579919814,2017,taf,allowed_amount
0,VT,204.04,232.07,255.19,29831.0,893.6,241.97905936777178,143.21,76.17005208384496,PER_DIEM,5801.876834455654,2017,taf,allowed_amount
0,VT,207.92448916087545,235.9204368174727,264.69245928845555,29086.0,926.8748055180998,249.6834982480982,148.5426822943678,70.09502700523026,PER_DIEM_wage_adj,4913.312810863959,2017,taf,allowed_amount
0,WA,200.38,210.36,222.29,331169.0,829.3,223.9336490734338,2.33,60.92130290627937,PER_DIEM,3711.4051477986436,2017,taf,allowed_amount
0,WA,175.5261180007516,186.47501948220625,201.83363893982332,305633.0,641.1810546367651,195.75774748385584,23.932808035327735,43.40606635916312,PER_DIEM_wage_adj,1884.0865967760722,2017,taf,allowed_amount
0,WI,159.75,168.75,185.11,74768.0,1592.0,186.4884260646266,36.07,63.2139630631088,PER_DIEM,3996.0051261440835,2017,taf,allowed_amount
0,WI,165.9929039888184,174.27560274275604,186.232689780653,60684.0,644.147465437788,188.30517457575507,38.78077626061714,57.55201457262796,PER_DIEM_wage_adj,3312.234381367981,2017,taf,allowed_amount
0,WV,223.84,271.16,391.84,104705.0,5509.35,345.4164821164224,70.35,245.0755715742117,PER_DIEM,60062.03578242655,2017,taf,allowed_amount
0,WV,289.25294888597637,334.6980692865946,448.7607832397645,76925.0,3142.398546335554,399.3420513153729,96.3302752293578,249.0851070177531,PER_DIEM_wage_adj,62043.39053804552,2017,taf,allowed_amount
0,WY,176.94,185.52,197.79,30825.0,1113.12,209.34188548256284,53.78,101.50599681185963,PER_DIEM,10303.467388769257,2017,taf,allowed_amount
0,WY,186.43643098376728,197.70127464865453,213.61804118095654,26591.0,1520.655737704918,222.210017809295,78.23292297635908,113.86396319913575,PER_DIEM_wage_adj,12965.00211541414,2017,taf,allowed_amount
0,AK,400.0,647.48,867.47,13385.0,6965.86,699.2968322749346,154.77,414.6794340892917,PER_DIEM,171959.0330566152,2018,taf,allowed_amount
0,AK,399.5608812146473,476.31048387096774,695.6050908008336,12136.0,3279.562369752903,532.5332882546113,115.19053289669546,212.0553280103256,PER_DIEM_wage_adj,44967.462137566785,2018,taf,allowed_amount
0,AL,194.23,209.19,218.36,278796.0,715.0,228.66919292242358,64.11,92.09865855085098,PER_DIEM,8482.162906866237,2018,taf,allowed_amount
0,AL,259.3704066634003,285.65223686115536,310.42420732590125,260727.0,1015.829183642674,310.87476817999664,85.74294503142971,123.20363475438594,PER_DIEM_wage_adj,15179.135616692138,2018,taf,allowed_amount
0,AR,178.17,187.84,204.87,647371.0,754.0,203.1614140886756,20.88,61.78950262766851,PER_DIEM,3817.942634974654,2018,taf,allowed_amount
0,AR,229.18727915194347,251.7173144876325,275.095406360424,649627.0,1075.146157136746,268.0896909741884,25.05399568034557,81.68462432651222,PER_DIEM_wage_adj,6672.377851363432,2018,taf,allowed_amount
0,AZ,164.81,174.06,209.56,17550.0,989.81,218.96100968660969,9.31,106.59446409787219,PER_DIEM,11362.379776312562,2018,taf,allowed_amount
0,AZ,173.37304709452624,188.95133190963247,226.84050803641674,17394.0,982.1492359595157,226.94435172298589,10.464201416207711,112.05025529573504,PER_DIEM_wage_adj,12555.259711839399,2018,taf,allowed_amount
0,CA,196.52,230.55,260.46,1913309.0,2753.26,258.1359133678878,4.21,121.18911565545814,PER_DIEM,14686.80175335201,2018,taf,allowed_amount
0,CA,141.52903115954368,164.50197989643618,197.61804914870422,1746946.0,2222.7012190199407,191.2475376035175,3.3987244692015826,97.26950226283506,PER_DIEM_wage_adj,9461.356070459675,2018,taf,allowed_amount
0,CO,208.66,222.09,238.84,287031.0,1123.63,235.0305330783086,34.81,63.89126168506076,PER_DIEM,4082.093319708913,2018,taf,allowed_amount
0,CO,208.35748792270533,220.21814576103125,235.76811594202903,313279.0,1170.4479166666667,233.603752973902,33.632850241545896,62.968327732465745,PER_DIEM_wage_adj,3965.0102974232145,2018,taf,allowed_amount
0,CT,224.4,242.87,263.76,212667.0,2773.85,285.4814334146812,64.71,206.9517425596929,PER_DIEM,42829.0237484934,2018,taf,allowed_amount
0,CT,191.66215065417666,208.34559108152047,224.3357155946491,208494.0,2541.5521348726406,243.96193551231505,83.78229796591535,178.31362822036374,PER_DIEM_wage_adj,31795.7500091101,2018,taf,allowed_amount
0,DE,536.0,729.95,778.08,3219.0,1556.16,779.5461509785647,257.13,297.0945424107821,PER_DIEM,88265.16713027199,2018,taf,allowed_amount
0,DE,646.4449331134323,700.3115264797509,1350.7906388361796,2291.0,1448.2643089809214,848.1970667128185,235.59648158328753,326.6130434356474,PER_DIEM_wage_adj,106676.08014229611,2018,taf,allowed_amount
0,FL,202.24,228.43,261.79,192886.0,916.8,219.03777609572495,0.0,115.80337260808875,PER_DIEM,13410.421107407841,2018,taf,allowed_amount
0,FL,221.95451474893042,252.92488366939952,282.9843561973526,172266.0,981.1643835616438,227.40645022987877,0.0,111.43909934986401,PER_DIEM_wage_adj,12418.672863908861,2018,taf,allowed_amount
0,GA,165.44,182.34,203.77,1045621.0,678.09,185.33516125823795,22.06,46.34431451610489,PER_DIEM,2147.7954879676504,2018,taf,allowed_amount
0,GA,198.23153312474494,209.8353965446878,236.3760032648619,16097.0,454.6928679400852,224.3176455848114,89.80986968596453,56.220772607143935,PER_DIEM_wage_adj,3160.775272544186,2018,taf,allowed_amount
0,HI,323.84,371.99,412.83,875.0,1890.12,392.32493714285715,219.78,108.20201645037059,PER_DIEM,11707.67636392627,2018,taf,allowed_amount
0,HI,254.23143350604488,315.26927304129373,324.09326424870466,701.0,1483.843617522374,319.07818316772574,239.33113518605748,100.15152084357686,PER_DIEM_wage_adj,10030.32712728141,2018,taf,allowed_amount
0,IA,173.38,203.03,424.9,13461.0,2662.33,282.7020622539187,82.26,163.64876598465682,PER_DIEM,26780.918608300974,2018,taf,allowed_amount
0,IA,199.45826213128936,228.62121072394547,508.49688846337955,13386.0,2823.85447602885,332.79330022817106,86.00104547830632,193.520852108557,PER_DIEM_wage_adj,37450.32020082199,2018,taf,allowed_amount
0,ID,249.0,270.97,310.23,54020.0,4200.0,303.7028772676786,36.56,133.01685988575457,PER_DIEM,17693.485013866466,2018,taf,allowed_amount
0,ID,286.9094599165633,333.92698130008904,396.52548820694903,51244.0,4735.59589581689,371.3464791303743,40.69456812110419,159.50853971468925,PER_DIEM_wage_adj,25442.974241912598,2018,taf,allowed_amount
0,IL,138.3,163.26,203.48,324157.0,4636.67,209.91030192159974,50.4,178.29305280955361,PER_DIEM,31788.41268015028,2018,taf,allowed_amount
0,IL,151.58698670898633,168.7349879903923,213.61960529169377,314691.0,3198.268258578036,221.02099568954935,47.78610031288518,185.0308915779919,PER_DIEM_wage_adj,34236.430838146596,2018,taf,allowed_amount
0,IN,192.16,200.03,219.86,830013.0,639.18,214.04452757968852,3.37,44.298137273899634,PER_DIEM,1962.3249659372561,2018,taf,allowed_amount
0,IN,203.26301261829653,224.67654669489534,248.14448292924294,799742.0,630.1064668769716,235.84989170224674,3.5276876373913955,52.642594617304674,PER_DIEM_wage_adj,2771.242768041875,2018,taf,allowed_amount
0,KS,187.65,234.0,462.5,15057.0,1170.0,321.8157089725709,75.48,160.05011937336502,PER_DIEM,25616.040711428395,2018,taf,allowed_amount
0,KS,225.24313810244217,280.57498057498054,542.6055426055426,14948.0,1515.1515151515152,388.0886709853121,87.76744186046513,193.6517462480989,PER_DIEM_wage_adj,37500.99882493809,2018,taf,allowed_amount
0,KY,177.4,193.79,210.52,253213.0,3264.49,209.48495890811296,38.14,86.36085120357669,PER_DIEM,7458.196620606313,2018,taf,allowed_amount
0,KY,219.93069410899926,232.13144099220048,248.86843114691214,247816.0,3759.2008291110087,255.59140715791304,40.05040428436417,104.83875754029461,PER_DIEM_wage_adj,10991.16508259268,2018,taf,allowed_amount
0,LA,142.42,158.77,176.83,314334.0,2422.56,180.63395331080952,87.89,134.14643510473672,PER_DIEM,17995.26605130934,2018,taf,allowed_amount
0,LA,181.07030683740032,205.00120802126116,226.32335329341316,292715.0,2901.2694610778444,232.58071461807458,101.24409630226933,172.23608155571608,PER_DIEM_wage_adj,29665.267789667287,2018,taf,allowed_amount
0,MA,183.08,212.27,240.72,367079.0,3985.67,237.7769577121001,1.44,153.48844889021407,PER_DIEM,23558.703942723856,2018,taf,allowed_amount
0,MA,160.26781533851485,189.68277945619334,215.2152060678059,377762.0,3092.063615205586,211.23003033508172,1.2249064307587614,131.18411755229403,PER_DIEM_wage_adj,17209.272697974095,2018,taf,allowed_amount
0,MD,239.805,255.09,272.23,215454.0,1705.12,264.70794540830065,62.82,91.86858718386429,PER_DIEM,8439.837311159274,2018,taf,allowed_amount
0,MD,249.39911448450349,265.9253529298008,283.521052631579,224383.0,1728.8046233397547,276.2417169246357,57.55909840571743,96.26221028450745,PER_DIEM_wage_adj,9266.413128858732,2018,taf,allowed_amount
0,ME,207.02,236.2,274.54,52274.0,3705.65,283.41932356429584,7.74,221.5459339106149,PER_DIEM,49082.60083232654,2018,taf,allowed_amount
0,ME,224.89733661856155,255.38225215644567,298.7002245066761,49643.0,3679.16004765687,308.04213224202147,7.697662854301343,228.86122016164398,PER_DIEM_wage_adj,52377.458093876485,2018,taf,allowed_amount
0,MI,184.96,209.57,228.92,319372.0,1059.6,219.18268238918884,59.22,89.65247452996374,PER_DIEM,8037.566189345797,2018,taf,allowed_amount
0,MI,200.7828226347573,227.3987922165064,255.02437864193126,325370.0,1116.3079168186794,242.13131349914744,53.73865698729582,99.69183095829776,PER_DIEM_wage_adj,9938.461159817816,2018,taf,allowed_amount
0,MN,224.82,258.29,296.15,162747.0,2203.6,298.5903248600589,142.17,225.51676626729812,PER_DIEM,50857.81186765918,2018,taf,allowed_amount
0,MN,218.832491806183,257.4895916378776,300.5796370967742,173008.0,2786.8976855950423,297.1474107865457,114.26138467234358,221.7632719247234,PER_DIEM_wage_adj,49178.948774758814,2018,taf,allowed_amount
0,MO,149.76,155.81,162.84,551206.0,2415.05,162.26137347924367,25.91,49.416398973842334,PER_DIEM,2441.980487541966,2018,taf,allowed_amount
0,MO,172.31467473524964,183.8466076696165,196.94233002193266,563550.0,3115.7915107728036,190.74531436700752,27.25933719095213,58.58380027517931,PER_DIEM_wage_adj,3432.061654682099,2018,taf,allowed_amount
0,MS,192.9,208.09,229.78,288300.0,1720.73,223.30859236906,32.34,63.11008788183912,PER_DIEM,3982.883192453457,2018,taf,allowed_amount
0,MS,250.30266343825667,268.7174000267487,301.63167045606525,287474.0,2112.880648330059,288.9340694941215,39.71021611001965,80.3484320063437,PER_DIEM_wage_adj,6455.870525878037,2018,taf,allowed_amount
0,MT,181.54,199.56,203.43,52988.0,785.0,214.64974352683626,26.92,80.5185855551203,PER_DIEM,6483.242619797226,2018,taf,allowed_amount
0,MT,203.7885561019222,223.36835046937864,232.01455206912232,50241.0,1065.3710247349823,240.3380465895113,30.60482037289677,89.31081725461856,PER_DIEM_wage_adj,7976.42207868787,2018,taf,allowed_amount
0,NC,172.72,182.36,190.45,752411.0,1255.0,191.61440284631672,26.74,48.51882198938059,PER_DIEM,2354.0760872372016,2018,taf,allowed_amount
0,NC,198.1229773462783,214.52611896692764,232.50352880790453,742540.0,689.0799435390735,225.922088187085,27.310795628638544,59.95983565553785,PER_DIEM_wage_adj,3595.181891839108,2018,taf,allowed_amount
0,ND,238.53,284.07,345.86,44073.0,2736.32,331.5321099085608,176.54,214.34310843890577,PER_DIEM,45942.968135252515,2018,taf,allowed_amount
0,ND,284.4506048387097,341.5073365940418,411.7837519623233,56973.0,3469.84529546031,397.14004196202114,156.38231907166266,265.9764074750905,PER_DIEM_wage_adj,70743.44933335538,2018,taf,allowed_amount
0,NE,43.41,101.26,159.09,111961.0,1368.75,99.83489411491502,1.42,67.38600862320975,PER_DIEM,4540.8741581672975,2018,taf,allowed_amount
0,NE,47.168813654412375,111.58252015273654,174.44570135746608,112887.0,1408.7587484561548,109.67696377494966,1.0568621613575468,75.05882970232784,PER_DIEM_wage_adj,5633.827916283053,2018,taf,allowed_amount
0,NH,124.08,162.76,171.77,87223.0,1068.38,143.96857445857168,28.02,60.5494219417274,PER_DIEM,3666.23249747734,2018,taf,allowed_amount
0,NH,125.05543237250555,158.22414835718607,170.87280790163274,93452.0,1005.2502822732406,142.17970704681935,26.815957847196085,61.008221255346214,PER_DIEM_wage_adj,3722.0030607412773,2018,taf,allowed_amount
0,NJ,206.23,216.3,232.34,151769.0,2600.74,338.5942054701553,167.79,311.11708519695287,PER_DIEM,96793.84070144802,2018,taf,allowed_amount
0,NJ,167.5386919620569,183.1250976104951,199.13438838856345,134621.0,3297.920365204159,238.33810044555045,131.0245197563642,225.8725311678513,PER_DIEM_wage_adj,51018.40033617196,2018,taf,allowed_amount
0,NM,285.2,328.04,404.16,9309.0,1529.64,354.77337415404446,121.29,117.12983000545857,PER_DIEM,13719.397077107624,2018,taf,allowed_amount
0,NM,314.68853232656915,372.23926380368096,485.85134539038376,5236.0,1686.8548742831936,409.11729445844446,143.09815950920245,124.69287945960836,PER_DIEM_wage_adj,15548.314187928423,2018,taf,allowed_amount
0,NV,124.95,131.63,236.43,76526.0,1929.83,189.1078830724198,26.96,111.15957395344874,PER_DIEM,12356.45088151224,2018,taf,allowed_amount
0,NV,104.8112207453315,113.60189186985241,209.8263067764821,80685.0,1573.7013781293322,178.1153322997307,20.735337898183985,108.89285222848505,PER_DIEM_wage_adj,11857.653266454681,2018,taf,allowed_amount
0,NY,228.51,276.46,307.53,2602756.0,1625.86,284.0359547302936,5.52,94.72293530084272,PER_DIEM,8972.434472007637,2018,taf,allowed_amount
0,NY,203.13439244310865,227.91386578557592,254.9680090327437,2581537.0,1914.1276194961147,243.17235907967157,10.32328595970639,82.08441397469053,PER_DIEM_wage_adj,6737.8510175683705,2018,taf,allowed_amount
0,OH,184.21,197.28,215.39,364320.0,1725.0,224.1347206302152,111.29,130.98076999089213,PER_DIEM,17155.96210740699,2018,taf,allowed_amount
0,OH,212.46455948755644,228.2271089576345,251.09154504884816,360615.0,2569.640995084165,257.6306784197808,113.7120670276898,153.14571564384667,PER_DIEM_wage_adj,23453.610220065944,2018,taf,allowed_amount
0,OK,142.4,147.1,152.33,665091.0,613.58,151.26165324745034,4.1,40.51954186020195,PER_DIEM,1641.833272560658,2018,taf,allowed_amount
0,OK,165.59787849566055,180.91662351113413,191.40341791817713,628495.0,851.1478682446883,183.5450444806502,4.942140790742526,46.02737288841838,PER_DIEM_wage_adj,2118.5190550095112,2018,taf,allowed_amount
0,OR,301.7,312.94,367.46,47433.0,2128.05,362.9157099487698,75.91,144.0118083554598,PER_DIEM,20739.40094580968,2018,taf,allowed_amount
0,OR,259.5289434400398,286.8688789578777,317.2546634225466,46720.0,1764.8449162381823,318.33919771614313,65.05224747055897,126.1376501322482,PER_DIEM_wage_adj,15910.706780885454,2018,taf,allowed_amount
0,PA,184.06,202.97,225.52,572269.0,2193.98,233.8281577544826,90.0,173.88016054501702,PER_DIEM,30234.310231160893,2018,taf,allowed_amount
0,PA,191.13611416026345,215.66222845129644,241.00203276336242,572699.0,2810.9929532351057,248.829667474237,107.6168838933397,186.5103435632931,PER_DIEM_wage_adj,34786.10825609763,2018,taf,allowed_amount
0,RI,202.75,237.66,283.86,42961.0,2473.4,291.8259288657154,47.31,183.89216395951308,PER_DIEM,33816.327965712444,2018,taf,allowed_amount
0,RI,188.91281955239253,221.50950463526547,261.82226800262197,39801.0,2930.2215377324965,271.100094685909,43.34799340296867,175.22742757390517,PER_DIEM_wage_adj,30704.65137416818,2018,taf,allowed_amount
0,SC,131.35,154.46,187.37,153147.0,2379.82,187.6113788059838,1.12,142.0866498096455,PER_DIEM,20188.616054128837,2018,taf,allowed_amount
0,SC,154.978996787744,179.58616086327734,216.49732328198405,141320.0,2838.8643683645473,221.3518939501206,1.223642521577625,171.2695562598919,PER_DIEM_wage_adj,29333.26090146028,2018,taf,allowed_amount
0,SD,100.07,125.61,160.345,40843.0,988.09,142.45597066816833,27.83,81.85013559466896,PER_DIEM,6699.444696865695,2018,taf,allowed_amount
0,SD,127.0131865318141,159.93937274105164,204.9551125102017,41207.0,1264.9980796312893,181.35099017922857,35.62924081423633,103.7118727292318,PER_DIEM_wage_adj,10756.152545004374,2018,taf,allowed_amount
0,TN,454.52,505.08,760.71,10644.0,4885.65,592.8383352123262,315.2,241.3824653903862,PER_DIEM,58265.49459794098,2018,taf,allowed_amount
0,TN,507.5600223338917,584.5342218520061,766.347355268638,7145.0,6782.798833819241,681.9185295435627,351.9821328866555,308.4313780923882,PER_DIEM_wage_adj,95129.91499196971,2018,taf,allowed_amount
0,TX,145.85,162.34,177.35,440143.0,1374.45,166.60899646251332,15.38,59.28699312282028,PER_DIEM,3514.9475535453385,2018,taf,allowed_amount
0,TX,163.30387077110638,183.05837563451774,207.18404613166746,388951.0,1613.393590797042,187.94445350227286,15.573106520858648,67.71511007748443,PER_DIEM_wage_adj,4585.336132805833,2018,taf,allowed_amount
0,UT,185.01,194.35,203.5,137421.0,911.7,216.56469346024264,24.89,89.86592978366177,PER_DIEM,8075.885335882028,2018,taf,allowed_amount
0,UT,199.71962616822432,209.76733730470943,249.6951883300675,178688.0,1171.5888097123252,250.66695002868423,52.099355643317395,127.00731574744957,PER_DIEM_wage_adj,16130.85825337235,2018,taf,allowed_amount
0,VA,183.87,223.91,377.53,64613.0,7337.4,297.25440081717306,95.71,202.14701692728525,PER_DIEM,40863.416452600155,2018,taf,allowed_amount
0,VA,201.74381054897736,237.73950484391818,310.67814854682456,61416.0,8296.472184531885,308.81318888376177,115.04886717014661,204.18109845302268,PER_DIEM_wage_adj,41689.92096548294,2018,taf,allowed_amount
0,VT,212.93,245.99,261.44,34550.0,931.15,257.952197105644,37.96,88.85208896746465,PER_DIEM,7894.693713882255,2018,taf,allowed_amount
0,VT,212.31320980274955,247.0449729220626,264.37455758924057,38476.0,941.6017797552836,260.9821149146086,38.386085549600566,89.22642199989576,PER_DIEM_wage_adj,7961.354382903483,2018,taf,allowed_amount
0,WA,208.0,219.43,240.16,324867.0,1106.03,234.30894566083967,14.1,61.728816762335946,PER_DIEM,3810.4468188780475,2018,taf,allowed_amount
0,WA,184.77719584442346,195.39425872093022,214.73340774448354,312464.0,846.6564573762123,206.9817601645797,12.106121748089636,49.428459302679734,PER_DIEM_wage_adj,2443.172589036667,2018,taf,allowed_amount
0,WI,164.78,174.05,193.53,76352.0,1336.74,193.62310941429172,34.91,71.16891857087441,PER_DIEM,5065.0149705477525,2018,taf,allowed_amount
0,WI,172.60686333534017,183.77812086457874,199.28470792240165,75250.0,1346.8240584598088,203.95858582592558,32.29763610315186,77.12801449546156,PER_DIEM_wage_adj,5948.730620012128,2018,taf,allowed_amount
0,WV,231.73,284.44,400.68,104241.0,5197.36,357.81781391199235,45.87,261.10187131396964,PER_DIEM,68174.18720365675,2018,taf,allowed_amount
0,WV,306.0304927851892,365.81813231690717,504.25284229937245,99066.0,6291.441714078199,462.4442550974511,55.52596537949401,336.03917449583497,PER_DIEM_wage_adj,112922.32679584222,2018,taf,allowed_amount
0,WY,176.44,185.98,199.18,30762.0,1139.45,213.83781743709773,54.64,111.21695751907293,PER_DIEM,12369.211639799272,2018,taf,allowed_amount
0,WY,183.90010626992563,197.97558797261092,214.916882130872,32860.0,1503.628925837952,228.91945906568537,54.711223578445974,121.7151623289582,PER_DIEM_wage_adj,14814.580740764646,2018,taf,allowed_amount
0,AK,416.78,617.905,877.22,13892.0,7201.41,707.9797538151454,146.3,449.89877264363406,PER_DIEM,202408.90562624834,2019,taf,allowed_amount
0,AK,409.881812212738,479.4134235758601,770.9766415302557,11708.0,2259.302908726179,581.5537853853318,246.3473754597125,223.02822949381235,PER_DIEM_wage_adj,49741.59115114463,2019,taf,allowed_amount
0,AL,200.06,215.97,224.84,281356.0,700.21,236.2272281735595,28.58,95.12974442184004,PER_DIEM,9049.668273764608,2019,taf,allowed_amount
0,AL,266.19113748264107,293.9911870743757,324.7957212895558,261033.0,1054.2155977115326,322.4375187892935,38.32640472039694,129.70730073925137,PER_DIEM_wage_adj,16823.9838650626,2019,taf,allowed_amount
0,AR,179.95,193.43,207.28,615751.0,833.0,198.35904386675784,20.73,49.449411924747615,PER_DIEM,2445.2443397033717,2019,taf,allowed_amount
0,AR,237.17853610286846,256.65182987141446,277.26819541375875,565373.0,1043.5475305363782,264.33861372183713,17.326980942828488,68.25665908941626,PER_DIEM_wage_adj,4658.971510048791,2019,taf,allowed_amount
0,AZ,170.92,186.66,219.22,17982.0,937.92,229.61893893893895,2.76,113.59654026083939,PER_DIEM,12904.173959232505,2019,taf,allowed_amount
0,AZ,180.17645136695347,196.3402679446683,233.8396478812462,17996.0,1056.8189996401584,237.9824271930926,3.0062084740224373,122.31342138343085,PER_DIEM_wage_adj,14960.573050520718,2019,taf,allowed_amount
0,CA,202.66,235.75,263.09,1769411.0,2350.64,261.20409470157017,3.37,113.9071426222199,PER_DIEM,12974.837140358743,2019,taf,allowed_amount
0,CA,143.71170343137254,166.98064912460325,196.13834247017093,1615079.0,2376.778949523907,189.5925561956628,3.1430703227009884,90.0766013672983,PER_DIEM_wage_adj,8113.794113883166,2019,taf,allowed_amount
0,CO,212.93,230.5,244.73,286350.0,1413.54,240.2497258599616,36.3,63.51015255218086,PER_DIEM,4033.539477201285,2019,taf,allowed_amount
0,CO,213.089422789353,226.23414736400798,245.93460224499756,310960.0,1475.0495669414588,240.30957146424345,35.43191800878477,62.75417994880254,PER_DIEM_wage_adj,3938.087101046691,2019,taf,allowed_amount
0,CT,232.06,249.79,270.52,209288.0,2489.0,294.85212553992585,49.49,216.56741747500547,PER_DIEM,46901.446311793305,2019,taf,allowed_amount
0,CT,199.72253052164262,216.43619489559168,231.67673439502104,205821.0,2756.9825110937095,254.82328694289515,85.71297821709683,189.31269484216307,PER_DIEM_wage_adj,35839.296428401954,2019,taf,allowed_amount
0,DE,549.27,718.23,778.08,3360.0,1556.16,777.9117083333334,235.78,281.26425859706114,PER_DIEM,79109.5831641545,2019,taf,allowed_amount
0,DE,641.9389110225765,688.871181938911,1201.551724137931,2498.0,1676.896551724138,842.9400183788081,276.7099291344852,322.1279117328762,PER_DIEM_wage_adj,103766.3915173837,2019,taf,allowed_amount
0,FL,210.04,245.57,340.79,106058.0,1027.15,254.5551046597145,0.0,148.1210141030603,PER_DIEM,21939.83481891899,2019,taf,allowed_amount
0,FL,221.52521525215255,263.3625619519634,304.7996101839445,84629.0,1119.3875326939844,247.62075987224236,0.0,142.8035416983803,PER_DIEM_wage_adj,20392.85152160104,2019,taf,allowed_amount
0,GA,173.87,189.62,211.41,1057639.0,678.09,194.2655108122904,30.88,49.7247788117757,PER_DIEM,2472.5536278800173,2019,taf,allowed_amount
0,GA,206.85985247629085,216.7098976109215,280.07370001364814,16930.0,478.3890784982935,239.64906346583507,93.42465753424658,58.95153173570308,PER_DIEM_wage_adj,3475.283093985607,2019,taf,allowed_amount
0,HI,346.97,412.83,424.8,877.0,2428.8,403.23898517673894,313.39,126.0782004321027,PER_DIEM,15895.712624197462,2019,taf,allowed_amount
0,HI,265.2471543421158,328.6078166043142,338.13579559022526,694.0,2055.86592178771,328.4837096776212,249.45474806972857,110.03225132755949,PER_DIEM_wage_adj,12107.096332211217,2019,taf,allowed_amount
0,IA,179.45,336.16,421.16,8921.0,1848.9,316.5177222284497,119.28,186.2092948205022,PER_DIEM,34673.90147754871,2019,taf,allowed_amount
0,IA,206.03189276635084,394.7343676539727,504.8669383840805,8840.0,2378.0064308681676,371.8438554800245,123.94167923579688,216.76070793353477,PER_DIEM_wage_adj,46985.20450384717,2019,taf,allowed_amount
0,ID,258.47,280.38,355.0,44659.0,4006.35,323.38699635011983,41.31,140.22468113638675,PER_DIEM,19662.961199801335,2019,taf,allowed_amount
0,ID,291.5252106123475,335.83553376084495,398.77609791216696,39702.0,5037.533006412675,380.4958462110876,46.10649098174749,171.11793927132715,PER_DIEM_wage_adj,29281.3491404656,2019,taf,allowed_amount
0,IL,146.08,183.9,292.02,254856.0,3069.0,243.2354650861663,37.43,200.5594976138281,PER_DIEM,40224.112083111126,2019,taf,allowed_amount
0,IL,157.72217428817947,187.5750794959369,283.3891814265199,241256.0,2919.79830653601,252.64408163026656,35.610313005422896,206.32849243642065,PER_DIEM_wage_adj,42571.44679108609,2019,taf,allowed_amount
0,IN,201.62,210.72,227.35,834614.0,1579.76,223.42920294890814,1.75,44.15926375927482,PER_DIEM,1950.0405757612025,2019,taf,allowed_amount
0,IN,213.529526029526,232.88015537529992,255.62704868277285,808816.0,1534.3434343434342,243.89241530841403,2.124559912589535,51.038010551835455,PER_DIEM_wage_adj,2604.8785210892675,2019,taf,allowed_amount
0,KS,199.08,457.0,518.74,12301.0,1310.18,365.8036866921388,84.53,176.03077091432345,PER_DIEM,30986.832308691028,2019,taf,allowed_amount
0,KS,241.8181818181818,586.0144600090375,587.3281069271302,11691.0,1683.8195604678062,450.3106820660574,91.08836206896551,210.72074489165806,PER_DIEM_wage_adj,44403.23232769524,2019,taf,allowed_amount
0,KY,179.65,195.01,211.85,304940.0,3283.68,212.5319808158982,34.57,82.05358000696144,PER_DIEM,6732.789991958823,2019,taf,allowed_amount
0,KY,221.30982367758185,233.904282115869,250.09710956243575,267086.0,3751.4909173997485,256.59496225871754,43.53904282115869,100.2109424803342,PER_DIEM_wage_adj,10042.232992796848,2019,taf,allowed_amount
0,LA,148.66,166.02,184.54,306448.0,2486.75,189.72692946274734,97.14,146.126740538081,PER_DIEM,21353.024300283647,2019,taf,allowed_amount
0,LA,187.51413139052883,211.46605818596692,233.69937250427836,283231.0,2987.4459394521864,241.30651082952608,109.29342934293429,185.47949006205542,PER_DIEM_wage_adj,34402.641233680115,2019,taf,allowed_amount
0,MA,186.52,222.0,254.56,309387.0,4288.08,261.04882858685073,3.83,196.5493482420786,PER_DIEM,38631.646294385886,2019,taf,allowed_amount
0,MA,164.31330279349683,193.66459627329192,225.50047320454374,314235.0,3414.348276136635,231.3281382465006,3.2774259798048946,175.64196133448857,PER_DIEM_wage_adj,30850.098581425977,2019,taf,allowed_amount
0,MD,249.59,264.06,279.92,201369.0,4381.95,284.0670845562127,87.38,132.63401403839384,PER_DIEM,17591.781679936852,2019,taf,allowed_amount
0,MD,258.09991638795987,274.8236124176858,291.46284101599247,201196.0,4434.723206153223,296.3480556852693,77.36166445329792,138.96751716279283,PER_DIEM_wage_adj,19311.97082639112,2019,taf,allowed_amount
0,ME,222.29,256.52,297.05,53181.0,4083.16,334.72561403508774,13.56,348.4398129877111,PER_DIEM,121410.30327491109,2019,taf,allowed_amount
0,ME,241.15338882282998,270.8991077556623,325.5123051279537,52020.0,4003.490538288067,356.2539184080979,13.29542111971762,344.8885543286103,PER_DIEM_wage_adj,118948.11490687879,2019,taf,allowed_amount
0,MI,187.76,215.2,236.98,327204.0,950.0,220.5948367990611,48.59,73.65487068798824,PER_DIEM,5425.039976064269,2019,taf,allowed_amount
0,MI,204.98899486427,234.29353889846843,262.2697293609279,333692.0,1080.2820104616785,243.76486710493268,44.721583064887255,83.08272931731152,PER_DIEM_wage_adj,6902.739910813654,2019,taf,allowed_amount
0,MO,155.51,161.2,168.95,561731.0,2498.6,168.54765088627832,27.47,52.7251560071581,PER_DIEM,2779.9420759791597,2019,taf,allowed_amount
0,MO,179.01207937877479,190.98360655737704,204.17986067131093,574263.0,3284.6062836860783,198.60777054723206,29.316969050160083,62.80626941304137,PER_DIEM_wage_adj,3944.6274775835363,2019,taf,allowed_amount
0,MS,194.97,210.82,230.85,295494.0,3420.23,222.938521695872,60.63,59.15049868914506,PER_DIEM,3498.7814951745518,2019,taf,allowed_amount
0,MS,259.90437158469945,279.42622950819674,302.45901639344265,291579.0,4672.445355191257,293.74239454187654,73.41082455503089,77.26676363972416,PER_DIEM_wage_adj,5970.152763357,2019,taf,allowed_amount
0,MT,201.64,204.91,207.07,53248.0,724.01,225.54544320913465,23.39,78.57889908438689,PER_DIEM,6174.643381314259,2019,taf,allowed_amount
0,MT,237.675760124985,244.32159596202382,249.35704843167892,50129.0,1031.2063808574278,264.27446997186235,28.109602211272687,88.57755310585662,PER_DIEM_wage_adj,7845.98291422085,2019,taf,allowed_amount
0,NC,178.84,188.32,196.75,770127.0,660.0,194.867141731169,25.73,43.09698793113455,PER_DIEM,1857.3503687363568,2019,taf,allowed_amount
0,NC,200.55336809620093,217.54117196476446,236.8313545257245,733838.0,809.3961445167879,226.61679067670556,26.068895643363728,53.30995301727785,PER_DIEM_wage_adj,2841.9510907043714,2019,taf,allowed_amount
0,ND,248.35,294.1,355.47,44358.0,2843.78,347.51075228820054,183.47,221.16164418365958,PER_DIEM,48912.47285801964,2019,taf,allowed_amount
0,ND,285.8613699187159,339.5469916547586,412.7226220196749,56938.0,3896.656618251576,399.7886182465293,163.72479029091556,260.8301046235637,PER_DIEM_wage_adj,68032.3434779392,2019,taf,allowed_amount
0,NE,51.53,119.91499999999999,174.36,112646.0,1009.08,115.17737078990821,6.36,73.1599417549956,PER_DIEM,5352.377077594349,2019,taf,allowed_amount
0,NE,57.83783783783784,132.85410010649628,191.97018104366347,105773.0,1027.5763747454175,128.53783855124897,5.3159478435305925,80.51637050855284,PER_DIEM_wage_adj,6482.885919870557,2019,taf,allowed_amount
0,NH,162.24,171.78,178.83,61263.0,1346.0,179.02598566834791,74.63,52.354404529005365,PER_DIEM,2740.9836735867375,2019,taf,allowed_amount
0,NH,161.771310518279,170.7235814679854,181.75396104551416,63299.0,1299.6041324707926,180.79745893721602,72.05754562131891,54.84860102363679,PER_DIEM_wage_adj,3008.3690342500904,2019,taf,allowed_amount
0,NJ,211.09,222.69,240.98,123167.0,2482.97,380.6314040286765,160.19,364.3639149465827,PER_DIEM,132761.06251520055,2019,taf,allowed_amount
0,NJ,171.0338890193316,186.14738805970148,204.65735196274116,104699.0,2921.484880574185,244.8418570685386,140.29602382203538,223.76907821716537,PER_DIEM_wage_adj,50072.60036615987,2019,taf,allowed_amount
0,NM,311.44,356.02,433.74,9137.0,1867.25,388.3116296377367,86.89,128.87860815273507,PER_DIEM,16609.695639386227,2019,taf,allowed_amount
0,NM,341.5443592552026,403.01484230055655,510.3780148423005,4970.0,2045.1807228915661,444.6846922221039,95.1697699890471,141.46150835961663,PER_DIEM_wage_adj,20011.358347377885,2019,taf,allowed_amount
0,NV,125.91,131.34,240.37,87790.0,1122.75,190.12659972662033,24.16,110.2537918389926,PER_DIEM,12155.89861487591,2019,taf,allowed_amount
0,NV,106.41290856433595,114.7347366415849,204.17873396772862,89804.0,929.0442697558958,173.29956917066326,19.829284307288248,102.23193826991451,PER_DIEM_wage_adj,10451.36920242361,2019,taf,allowed_amount
0,NY,231.09,281.25,314.39,2491300.0,1672.65,289.43694913498973,11.15,97.84259535868317,PER_DIEM,9573.17346652301,2019,taf,allowed_amount
0,NY,206.81693668310243,229.8426860765438,259.8951048951049,2479508.0,1968.0550653018004,248.55193723558307,12.068560694998826,84.99621138911556,PER_DIEM_wage_adj,7224.355950503217,2019,taf,allowed_amount
0,OH,187.09,201.2,220.4,338641.0,2482.2,230.99672724212368,111.29,130.01409270949253,PER_DIEM,16903.664303072517,2019,taf,allowed_amount
0,OH,218.34953876838694,234.62450592885375,261.1443530291698,328437.0,2641.7624521072794,267.42363973878713,114.98088645521233,152.07634223885432,PER_DIEM_wage_adj,23127.213868749146,2019,taf,allowed_amount
0,OK,147.75,153.08,172.76,670870.0,1047.24,161.2353838895762,10.52,44.300464973198885,PER_DIEM,1962.5311968416215,2019,taf,allowed_amount
0,OK,171.70358343963818,192.05977907732293,203.67130550033133,619401.0,792.498672331386,194.60328026017243,12.960088691796008,50.04701829588272,PER_DIEM_wage_adj,2504.7040403084197,2019,taf,allowed_amount
0,OR,312.94,326.5,408.91,44740.0,1283.06,385.2634812248547,82.78,156.28150721280008,PER_DIEM,24423.90949670448,2019,taf,allowed_amount
0,OR,268.9456342668863,294.8925744440256,348.4431630971993,43157.0,1283.445033510053,332.25291454300617,68.18780889621088,131.79202295476964,PER_DIEM_wage_adj,17369.137314510524,2019,taf,allowed_amount
0,PA,181.95,203.74,229.09,391287.0,2229.64,242.81753032940014,143.85,172.6507906857304,PER_DIEM,29808.295524407895,2019,taf,allowed_amount
0,PA,203.76098418277678,229.93074054342034,254.1993422716924,385274.0,2938.763674706735,268.4345725478173,122.27983679020741,194.91666345068518,PER_DIEM_wage_adj,37992.50569074767,2019,taf,allowed_amount
0,RI,205.93,238.06,277.545,63098.0,2301.06,273.9917081365495,54.03,193.5110634074508,PER_DIEM,37446.53166108244,2019,taf,allowed_amount
0,RI,195.35594839942667,226.3258480649785,263.47826086956525,58935.0,2198.8150979455327,260.70470465358187,49.450851180669964,183.7305132916326,PER_DIEM_wage_adj,33756.90151440678,2019,taf,allowed_amount
0,SC,136.6,158.99,192.61,152474.0,1686.83,194.3764826134292,2.15,145.88748185636996,PER_DIEM,21283.15736239267,2019,taf,allowed_amount
0,SC,160.48698167791704,186.29588431590653,224.22554045018944,140132.0,2033.3052073288331,228.4896294151505,2.3958101181190106,173.47165672170544,PER_DIEM_wage_adj,30092.415685773212,2019,taf,allowed_amount
0,SD,109.62,137.74,176.25,39422.0,1114.16,156.34590431738624,18.73,90.45310444427825,PER_DIEM,8181.76410360751,2019,taf,allowed_amount
0,SD,139.53846153846155,176.16666666666666,226.63438256658594,33551.0,1428.4102564102566,200.6328044149047,24.01282051282051,115.3006181880843,PER_DIEM_wage_adj,13294.232554554395,2019,taf,allowed_amount
0,TN,455.03,494.62,759.24,10642.0,4723.8,598.9455299755685,304.76,277.636885156738,PER_DIEM,77082.23999953574,2019,taf,allowed_amount
0,TN,515.3058929374719,584.5029239766083,772.1598877980365,7169.0,6625.245441795232,699.1095594468458,342.7350427350427,354.7551426970787,PER_DIEM_wage_adj,125851.2112700247,2019,taf,allowed_amount
0,TX,146.05,164.43,177.66,456780.0,1355.16,167.37562226892598,15.53,58.108664243208835,PER_DIEM,3376.616860129977,2019,taf,allowed_amount
0,TX,163.819812474521,181.08209892041177,207.948402948403,393024.0,1572.4762125783245,187.32240960445336,15.747312918272156,67.15353947934744,PER_DIEM_wage_adj,4509.597864604275,2019,taf,allowed_amount
0,UT,187.48,202.0,213.79,144228.0,911.97,219.31318322378456,47.9,91.67325887683171,PER_DIEM,8403.986393098603,2019,taf,allowed_amount
0,UT,206.0630010161454,218.8858695652174,237.68034265103697,185319.0,1139.997485225701,247.11360250899878,53.990081154192964,109.61390639404873,PER_DIEM_wage_adj,12015.208474963278,2019,taf,allowed_amount
0,VA,194.44,237.88,401.66,54976.0,6668.09,308.9200663926077,14.76,206.0034330009717,PER_DIEM,42437.41440818584,2019,taf,allowed_amount
0,VA,213.4161980862188,255.32208740258457,330.0937398987178,52230.0,7912.768482259405,325.8013052824499,16.582406471183013,202.9143983108784,PER_DIEM_wage_adj,41174.253041865806,2019,taf,allowed_amount
0,VT,222.42,248.84,267.14,48274.0,962.5,263.9453859220284,146.66,83.84343594833472,PER_DIEM,7029.7217516225055,2019,taf,allowed_amount
0,VT,224.53156822810593,252.9347175084847,275.020366598778,52762.0,1186.5138067061143,268.10751692439476,149.34826883910387,84.81860784536846,PER_DIEM_wage_adj,7194.196236826399,2019,taf,allowed_amount
0,WA,215.64,229.6,251.87,329680.0,985.87,243.34067347124486,28.14,53.624070922778,PER_DIEM,2875.540982331125,2019,taf,allowed_amount
0,WA,190.82372322899505,207.07777884338736,223.04900181488202,314475.0,729.7264682220434,215.60709352642007,23.179571663920925,45.010937828082376,PER_DIEM_wage_adj,2025.984524163497,2019,taf,allowed_amount
0,WI,171.66,182.12,217.8375,51210.0,1354.0,208.93998105838702,34.63,73.81523627564007,PER_DIEM,5448.689106428571,2019,taf,allowed_amount
0,WI,182.75730014360937,195.14326806062616,223.67768595041323,47736.0,1541.43897996357,221.68783287916926,38.6927374301676,79.25879089850498,PER_DIEM_wage_adj,6281.955934692935,2019,taf,allowed_amount
0,WV,243.83,302.93,410.18,105368.0,6050.38,369.5970268962114,131.43,263.1984558527283,PER_DIEM,69273.42716326057,2019,taf,allowed_amount
0,WV,319.2078695314523,384.8297638660077,519.077109896782,99574.0,3554.3194907547736,475.5603900947977,149.25520370918417,336.2968637082906,PER_DIEM_wage_adj,113095.58054003255,2019,taf,allowed_amount
0,WY,176.26,188.42,201.87,29042.0,1003.68,217.2330500654225,59.36,99.65632883725891,PER_DIEM,9931.383877319882,2019,taf,allowed_amount
0,WY,190.75088623912345,202.1260763261401,216.0412458807271,27106.0,1233.3251413123617,235.05523676572253,63.10194535983842,109.36912818142153,PER_DIEM_wage_adj,11961.606199164213,2019,taf,allowed_amount
0,AK,467.985,754.55,877.22,12131.0,4100.36,716.6456903800182,114.42,291.8703777158765,PER_DIEM,85188.3173880084,2020,taf,allowed_amount
0,AK,410.0708185794626,511.7579670901895,760.7759082493916,8814.0,3055.816519546028,584.3178418107425,177.08070617906685,211.59673956791715,PER_DIEM_wage_adj,44773.180195772955,2020,taf,allowed_amount
0,AL,212.42,228.42,242.0,308357.0,574.27,244.66859231345487,35.63,73.39642511411742,PER_DIEM,5387.035219532246,2020,taf,allowed_amount
0,AL,285.78036209858595,313.0532971996387,348.51739788199694,271486.0,849.0094618568894,334.7941156204004,49.054090061284306,101.21287997301506,PER_DIEM_wage_adj,10244.047072431955,2020,taf,allowed_amount
0,AR,184.12,197.48,209.5,573458.0,833.0,198.25353019750358,19.89,47.511988741565425,PER_DIEM,2257.38907417864,2020,taf,allowed_amount
0,AR,235.82187295350363,256.11431712008795,276.7793349821379,497520.0,1032.0890635232483,258.33708063826367,27.32893652102226,63.14987802792929,PER_DIEM_wage_adj,3987.9070949423462,2020,taf,allowed_amount
0,AZ,182.63,190.97,224.31,17086.0,1200.0,236.58333372351632,2.36,111.18756712595538,PER_DIEM,12362.675083388833,2020,taf,allowed_amount
0,AZ,185.1104804378674,201.15606936416182,239.15366997491546,16678.0,1211.5093387178192,241.46748330501572,2.573890282473552,108.75874422157442,PER_DIEM_wage_adj,11828.464444653846,2020,taf,allowed_amount
0,CA,222.56,259.73,299.6,1331131.0,2105.0,288.19373440330065,15.42,125.15818585570057,PER_DIEM,15664.571486690085,2020,taf,allowed_amount
0,CA,155.67476948868398,178.43956809474048,218.1897786976596,1188444.0,1514.8586615124425,205.35511084575407,8.358629661751952,98.86421137860276,PER_DIEM_wage_adj,9774.132291513048,2020,taf,allowed_amount
0,CO,216.97,234.53,251.41,270499.0,1413.54,245.89979792901266,36.05,65.56735300244208,PER_DIEM,4299.07777974685,2020,taf,allowed_amount
0,CO,216.9989197682412,233.66394972012176,250.6334086222135,283921.0,1512.1309370988447,247.21330511159636,35.76034123598849,65.01811681909653,PER_DIEM_wage_adj,4227.355514701683,2020,taf,allowed_amount
0,CT,238.35,255.38,281.68,181613.0,3536.0,299.6406234135222,41.11,203.6729261321174,PER_DIEM,41482.66083921895,2020,taf,allowed_amount
0,CT,208.0260707635009,227.17541156435,244.7392923649907,177902.0,3292.3649906890128,263.38414006734445,80.96666936988079,181.27862407595654,PER_DIEM_wage_adj,32861.939546871974,2020,taf,allowed_amount
0,DE,580.63,725.07,880.49,2822.0,2067.55,785.9398795180722,13.36,266.577506255481,PER_DIEM,71063.56684139103,2020,taf,allowed_amount
0,DE,671.5488961787394,744.0177401471626,1195.112540192926,1933.0,1887.4383708467308,873.01211120162,14.319399785637726,286.07214704227084,PER_DIEM_wage_adj,81837.27331337462,2020,taf,allowed_amount
0,FL,211.57,252.95,390.73,90485.0,796.7,273.4489034646627,0.0,155.9874463854326,PER_DIEM,24332.083429848208,2020,taf,allowed_amount
0,FL,228.24469249288686,266.8364459535937,350.74136955291453,66436.0,720.7831707007983,269.2127661646283,0.0,160.83050064058895,PER_DIEM_wage_adj,25866.449936302484,2020,taf,allowed_amount
0,GA,178.41,198.6,225.0,1011907.0,710.44,204.1928898801965,10.13,52.44095070151417,PER_DIEM,2750.053310478639,2020,taf,allowed_amount
0,GA,213.93841166936792,229.68733326219186,293.5589831476721,15380.0,509.5972579263067,254.57115521419507,90.2785188347028,72.31561432892023,PER_DIEM_wage_adj,5229.548075769134,2020,taf,allowed_amount
0,HI,349.79,424.8,433.72,848.0,5071.95,421.8007193396227,327.22,240.81347613876758,PER_DIEM,57991.13029003679,2020,taf,allowed_amount
0,HI,273.4088717454195,341.36933461909354,348.53744776599166,676.0,4075.8196721311474,341.85970259765605,262.95403407264547,209.1277012685949,PER_DIEM_wage_adj,43734.39543788667,2020,taf,allowed_amount
0,IA,410.14,427.29,436.93,4356.0,3569.05,449.03963269054174,230.26,243.72234222710998,PER_DIEM,59400.580100668514,2020,taf,allowed_amount
0,IA,488.1456796000952,508.5574863127827,515.8117216954188,4339.0,4247.857652939777,526.4836467331686,235.439672801636,257.98920595399704,PER_DIEM_wage_adj,66558.43038877391,2020,taf,allowed_amount
0,ID,259.71,280.24,308.42,25831.0,4025.55,307.001238821571,36.16,115.50972159624662,PER_DIEM,13342.495783242404,2020,taf,allowed_amount
0,ID,290.04544470893745,325.81976112920734,382.6195530028718,20425.0,5026.282931701836,365.23755903208223,44.63076426959046,162.47391641517063,PER_DIEM_wage_adj,26397.773515283858,2020,taf,allowed_amount
0,IL,178.77,230.0,350.0,193089.0,3481.7,297.86680365013024,51.09,212.99747702226747,PER_DIEM,45367.925217851356,2020,taf,allowed_amount
0,IL,192.14800576645845,240.2691013935608,339.2599711677078,165350.0,2956.001922152811,312.56978894507324,49.10139356078809,220.3559683004593,PER_DIEM_wage_adj,48556.75276563302,2020,taf,allowed_amount
0,IN,215.14,225.92,245.36,760436.0,639.18,239.91907140114358,5.46,50.91914982772521,PER_DIEM,2592.759819178328,2020,taf,allowed_amount
0,IN,229.72491589154959,248.46625766871168,271.571102295949,737485.0,644.1119581294801,262.244235974315,5.97504924491136,57.815617497071656,PER_DIEM_wage_adj,3342.6456265676984,2020,taf,allowed_amount
0,KS,457.0,492.0,526.0,9060.0,1182.0,453.58599116997794,76.26,129.0220118853517,PER_DIEM,16646.679550943838,2020,taf,allowed_amount
0,KS,587.1190981136288,596.0610408243119,612.7916062060498,8523.0,1541.6721012129906,561.9266322891215,99.46524064171123,145.43543056924545,PER_DIEM_wage_adj,21151.464464861816,2020,taf,allowed_amount
0,KY,187.71,203.25,220.91,303334.0,3424.15,222.7306307238885,32.51,85.57038795424525,PER_DIEM,7322.291294640041,2020,taf,allowed_amount
0,KY,229.19845218352683,241.8459087288039,255.74489412354342,211243.0,4290.377145721088,265.54542572961714,37.24817831118731,104.42395593865812,PER_DIEM_wage_adj,10904.362573878814,2020,taf,allowed_amount
0,LA,162.88,181.21,200.62,280478.0,1869.89,204.09981510136265,89.05,137.525989265745,PER_DIEM,18913.397723521815,2020,taf,allowed_amount
0,LA,208.4877315973961,233.45313398504885,257.251507998951,256923.0,1984.3875790684301,263.51576166147316,104.10334346504558,178.11779372095953,PER_DIEM_wage_adj,31725.94844002229,2020,taf,allowed_amount
0,MA,198.24,233.71,272.63,251605.0,4610.5,282.63785922378327,5.66,204.35176728338388,PER_DIEM,41759.64479184228,2020,taf,allowed_amount
0,MA,178.39455782312925,207.65310529498143,247.41043083900223,238626.0,3710.365362948656,252.6361343850136,4.88900405977369,189.2471489400712,PER_DIEM_wage_adj,35814.483381945494,2020,taf,allowed_amount
0,MD,256.33,271.08,285.86,187563.0,1301.56,275.3240503724082,54.36,83.9025570710764,PER_DIEM,7039.639083065233,2020,taf,allowed_amount
0,MD,263.53394905105046,280.9217577706324,295.93988101450793,173114.0,1358.4803256445048,285.77600572644735,48.19576203564146,87.02154373136185,PER_DIEM_wage_adj,7572.749073389322,2020,taf,allowed_amount
0,ME,151.43,251.24,311.71,93306.0,4001.9,294.20396051700857,24.61,291.2965192069334,PER_DIEM,84853.66210207532,2020,taf,allowed_amount
0,ME,255.4036380929735,299.2390916656759,350.4101771489716,63727.0,3916.903200548106,361.9022585295255,24.087305471273368,317.98174550256437,PER_DIEM_wage_adj,101112.39047285762,2020,taf,allowed_amount
0,MI,188.73,216.67,238.94,284220.0,3943.82,220.45301052001972,25.9,70.06961228143963,PER_DIEM,4909.750565271276,2020,taf,allowed_amount
0,MI,209.3570745697897,236.26912045889102,264.375941592305,280461.0,1077.5862068965516,243.7797028705159,39.49953660797034,77.1530324638562,PER_DIEM_wage_adj,5952.590418368849,2020,taf,allowed_amount
0,MO,155.88,161.6,168.47,527492.0,2504.85,165.39468283879185,25.26,48.70327861831218,PER_DIEM,2372.0093481729446,2020,taf,allowed_amount
0,MO,177.54250882258583,190.38236233890723,203.15722469764484,529862.0,3306.296198521647,193.81419021812746,22.509254788347015,57.63008201583191,PER_DIEM_wage_adj,3321.2263531515127,2020,taf,allowed_amount
0,MS,206.26,220.04,237.76,292577.0,1676.37,230.88519579461135,30.08,54.863486219586946,PER_DIEM,3010.002120166807,2020,taf,allowed_amount
0,MS,267.6270508203281,289.9159663865546,310.97772442310253,287869.0,1662.1521792661906,301.588834950995,40.12271575296785,71.27846784637379,PER_DIEM_wage_adj,5080.619978526541,2020,taf,allowed_amount
0,MT,207.55,210.22,211.75,53169.0,726.42,232.3349654874081,30.27,81.49379260049865,PER_DIEM,6641.238232413089,2020,taf,allowed_amount
0,MT,231.66129774505293,241.82006442705938,250.87436723423838,47288.0,998.1038746908491,268.0609904824997,34.82512655315232,95.58830477489207,PER_DIEM_wage_adj,9137.124009737654,2020,taf,allowed_amount
0,NC,202.88,235.69,315.35,818365.0,1178.62,270.12521516682654,30.75,105.2723949787315,PER_DIEM,11082.277144558053,2020,taf,allowed_amount
0,NC,237.73429454170957,280.5078225185945,359.498861047836,714510.0,1378.750961785073,314.34575225781947,31.668383110195677,124.95689601520995,PER_DIEM_wage_adj,15614.225861755991,2020,taf,allowed_amount
0,ND,259.62,308.49,384.37,42708.0,2883.55,376.2597904373888,186.04,251.74244532867715,PER_DIEM,63374.258780062,2020,taf,allowed_amount
0,ND,294.8494825964252,351.5438880536602,420.3080501929935,52863.0,3962.0087936246223,420.26724166233316,163.82529059528002,288.1991634465247,PER_DIEM_wage_adj,83058.75781127666,2020,taf,allowed_amount
0,NE,88.47,192.505,241.64,105408.0,2351.02,180.4115441901943,48.94,94.89321067718888,PER_DIEM,9004.721432625352,2020,taf,allowed_amount
0,NE,101.11960383249006,209.3463174389971,266.31644004944377,93017.0,2530.9721175584027,198.15748107017924,38.5718789407314,104.6260657795545,PER_DIEM_wage_adj,10946.613640507665,2020,taf,allowed_amount
0,NH,173.75,181.58,189.9,57454.0,1193.07,191.40640286141954,72.95,61.853586737729486,PER_DIEM,3825.8661923218247,2020,taf,allowed_amount
0,NH,174.65446952371482,185.37815126050418,195.610479485912,56796.0,1186.3080441483544,195.64863126590572,72.12061295106278,62.4011264413865,PER_DIEM_wage_adj,3893.900581153906,2020,taf,allowed_amount
0,NJ,219.24,232.22,457.93,90465.0,1638.0,391.97069098546405,147.0,303.2693211763585,PER_DIEM,91972.28116676929,2020,taf,allowed_amount
0,NJ,179.89799921537858,196.11266084765592,218.26689462791327,70363.0,1897.1946022727273,247.3019604288158,132.2775128228201,176.97557537296365,PER_DIEM_wage_adj,31320.354278591534,2020,taf,allowed_amount
0,NM,334.82,373.96,440.14,9135.0,2659.0,410.39876518883415,165.12,145.22217532052235,PER_DIEM,21089.48020482453,2020,taf,allowed_amount
0,NM,368.7038872370884,406.72671303158137,549.069485739456,5026.0,2928.0916198656537,460.069243544313,188.2567552160529,149.0671840433424,PER_DIEM_wage_adj,22221.025358611714,2020,taf,allowed_amount
0,NV,126.73,133.67,248.0,82801.0,1168.0,205.72527662709388,24.0,117.1453988402931,PER_DIEM,13723.044469451343,2020,taf,allowed_amount
0,NV,107.46393827574639,125.77954319761669,221.82878566965215,80519.0,979.5370680979538,186.56336747448955,24.67105263157895,108.14527091543722,PER_DIEM_wage_adj,11695.399621373312,2020,taf,allowed_amount
0,NY,221.01,270.43,309.92,2538576.0,1674.58,283.8298075298908,9.62,100.48347191119304,PER_DIEM,10096.928127327521,2020,taf,allowed_amount
0,NY,202.66771282856024,228.8954481901507,261.9387913624359,2489352.0,1982.2206439393938,249.0772547538393,7.744290818704365,88.75355456786318,PER_DIEM_wage_adj,7877.193448430666,2020,taf,allowed_amount
0,OH,191.31,206.09,228.84,333033.0,2528.26,234.15736824879215,66.35,128.17058911897973,PER_DIEM,16427.69991510633,2020,taf,allowed_amount
0,OH,222.0154382996722,240.31342546890423,266.3907472502551,306630.0,2673.4270910436717,269.4066045603767,82.73067331670822,147.73034197220952,PER_DIEM_wage_adj,21824.253939225968,2020,taf,allowed_amount
0,OK,166.62,173.09,179.11,630641.0,614.28,176.96513579041005,10.67,46.84141970422386,PER_DIEM,2194.1185999072513,2020,taf,allowed_amount
0,OK,197.86516853932582,213.94261975853564,225.17201090484227,549191.0,802.514116698037,215.6171669586302,13.851746072958587,51.725315843418166,PER_DIEM_wage_adj,2675.508299101366,2020,taf,allowed_amount
0,OR,334.87,359.15,453.19,45653.0,1371.3,419.9897163384662,17.84,185.46335307281578,PER_DIEM,34396.65533301193,2020,taf,allowed_amount
0,OR,280.9076419763443,317.0817157466149,383.4409864944216,43053.0,1362.985786701123,363.84615433728703,16.43785128535889,157.80257914880048,PER_DIEM_wage_adj,24901.653986013436,2020,taf,allowed_amount
0,PA,197.52,229.91,570.0,101559.0,1207.0,381.7365789344125,40.12,240.69626938691775,PER_DIEM,57934.694096779676,2020,taf,allowed_amount
0,PA,208.68686868686868,251.4530299617031,561.9759430106271,92339.0,1455.4831138349198,396.001035766908,47.835936568498866,264.883636462874,PER_DIEM_wage_adj,70163.340865796,2020,taf,allowed_amount
0,RI,208.78,243.82,286.19,54199.0,2534.0,267.83351925312274,27.54,134.78323039121508,PER_DIEM,18166.519194691362,2020,taf,allowed_amount
0,RI,200.48021235521236,233.84169884169881,274.8166023166023,49140.0,3013.437983113331,257.32563708995804,25.642458100558656,131.10991741444693,PER_DIEM_wage_adj,17189.810444423096,2020,taf,allowed_amount
0,SC,148.885,172.63,209.72,144223.0,2102.21,200.33229581966816,0.7,114.30834906976014,PER_DIEM,13066.398667054133,2020,taf,allowed_amount
0,SC,173.30932823224936,201.19144959700972,245.23917995444194,123140.0,1684.4284534623098,234.39203479403292,0.787667379318105,137.3082705331755,PER_DIEM_wage_adj,18853.561156811706,2020,taf,allowed_amount
0,SD,113.33,143.3,184.98,36941.0,1599.94,162.55118161392488,72.61,93.25299815521201,PER_DIEM,8696.121664935974,2020,taf,allowed_amount
0,SD,148.95619713615955,184.95092958717868,242.2303704640283,18972.0,1427.2127821455745,213.10019336598097,57.22730138713746,123.6459724273515,PER_DIEM_wage_adj,15288.326497505366,2020,taf,allowed_amount
0,TN,333.3,465.86,609.26,13197.0,2098.34,465.88961885276956,5.96,266.9439882919945,PER_DIEM,71259.0928852365,2020,taf,allowed_amount
0,TN,489.0780303895807,571.7184750733137,778.1466275659824,7277.0,2373.419296459677,652.2719906432675,207.39735324058367,271.0894210604142,PER_DIEM_wage_adj,73489.47421087055,2020,taf,allowed_amount
0,TX,152.73,170.38,194.42,396669.0,1387.5,176.61291164673824,16.25,61.73607428521627,PER_DIEM,3811.3428681497417,2020,taf,allowed_amount
0,TX,170.0738670393292,194.0706727889798,221.84233181650472,319579.0,1645.5170777988617,197.49350325316988,16.22080255540028,72.81098767860108,PER_DIEM_wage_adj,5301.439926733397,2020,taf,allowed_amount
0,UT,195.97,208.96,220.72,155645.0,918.16,231.52995611808922,59.7,102.6743316851207,PER_DIEM,10542.018386986183,2020,taf,allowed_amount
0,UT,209.69366776315792,226.15080191626743,247.93425144380276,197662.0,1131.4521163690847,266.0647981744531,61.36924342105264,137.43156431429344,PER_DIEM_wage_adj,18887.434869873774,2020,taf,allowed_amount
0,VA,222.01,303.13,393.5,60841.0,5630.13,342.96364556795584,36.43,190.90399438532486,PER_DIEM,36444.335072272144,2020,taf,allowed_amount
0,VA,235.14759242914582,279.3664803373541,445.0853975794593,41001.0,6444.008240814925,358.0805266664296,103.15068493150685,213.05005756790808,PER_DIEM_wage_adj,45390.327029688946,2020,taf,allowed_amount
0,VT,236.91,259.35,274.55,63833.0,931.15,275.9167346043582,69.01,86.85697396218521,PER_DIEM,7544.13392586772,2020,taf,allowed_amount
0,VT,243.2687378242592,268.71293309749245,287.1397357194881,67823.0,968.8377900322547,286.7863634237845,71.80314223285819,89.89155404678797,PER_DIEM_wage_adj,8080.491488946604,2020,taf,allowed_amount
0,WA,243.66,261.48,283.81,296586.0,985.87,279.3760186252891,15.68,66.53848614751412,PER_DIEM,4427.3701388029285,2020,taf,allowed_amount
0,WA,219.1826447024935,237.09598192356813,258.22665983956307,278226.0,810.0187745349035,251.3022518096533,13.381123058542414,59.61329081119801,PER_DIEM_wage_adj,3553.7444413404655,2020,taf,allowed_amount
0,WI,183.49,195.28,228.62,48230.0,1624.0,218.4405297532656,37.57,72.48964955022633,PER_DIEM,5254.749291914628,2020,taf,allowed_amount
0,WI,195.83333333333334,209.97509057971013,236.25452898550725,42189.0,1625.4629166249624,232.5726350839942,36.716163813487185,78.69336518441055,PER_DIEM_wage_adj,6192.645724046999,2020,taf,allowed_amount
0,WV,266.91,322.45,420.83,97876.0,2832.96,387.217530753198,82.11,284.2667085448327,PER_DIEM,80807.56158691284,2020,taf,allowed_amount
0,WV,348.4490769810373,421.44039735099335,551.4948517553653,90344.0,4341.035856573705,506.0825262082671,179.2389918603511,375.4115341911589,PER_DIEM_wage_adj,140933.8200037597,2020,taf,allowed_amount
0,WY,186.56,207.84,255.5,30037.0,897.08,234.5839334820388,57.88,92.01801335981035,PER_DIEM,8467.314782686237,2020,taf,allowed_amount
0,WY,197.78171214330345,221.682982711935,266.9339720891481,25158.0,1120.0898988637784,248.73404971357684,60.27910851905853,100.6018303820005,PER_DIEM_wage_adj,10120.728276208798,2020,taf,allowed_amount
0,AK,524.59,803.06,1028.585,10811.0,6431.71,838.2822208861345,286.11,369.847487326869,PER_DIEM,136787.1638819985,2021,taf,allowed_amount
0,AK,430.20337871084143,594.106463878327,853.601152368758,7845.0,5147.01504481434,662.047727742566,228.9612676056338,284.2945694773204,PER_DIEM_wage_adj,80823.40223429495,2021,taf,allowed_amount
0,AL,226.45,246.17,259.74,307196.0,639.15,259.06994983658643,28.7,73.07663421446556,PER_DIEM,5340.194468114797,2021,taf,allowed_amount
0,AL,301.0892333472979,332.8233657858137,371.4811001617885,264028.0,942.4211147154231,352.04935679716726,38.451232583065384,101.5245752027964,PER_DIEM_wage_adj,10307.23937010826,2021,taf,allowed_amount
0,AR,187.63,202.91,217.14,526357.0,788.0,203.0675512437376,20.73,46.152368978577485,PER_DIEM,2130.0411623347613,2021,taf,allowed_amount
0,AR,238.48211771332018,262.3627147282456,285.2435933539848,432037.0,959.688223115333,264.5986518193691,29.188960856096873,63.309120349283674,PER_DIEM_wage_adj,4008.0447194000844,2021,taf,allowed_amount
0,AZ,184.7675,215.37,314.72,15852.0,1107.3,271.4342493060813,2.35,142.98581208165336,PER_DIEM,20444.942456649886,2021,taf,allowed_amount
0,AZ,205.55047967108266,223.99497487437185,323.1543279597495,14735.0,1136.9750487729746,274.8550143978095,2.250095748755266,133.17631666544307,PER_DIEM_wage_adj,17735.93132057437,2021,taf,allowed_amount
0,CA,252.36,285.07,330.98,942985.0,2105.0,325.1975198969231,35.17,139.31780724607745,PER_DIEM,19409.45141585519,2021,taf,allowed_amount
0,CA,175.72902146640646,206.30506396996861,251.69217503772367,756148.0,1555.0041356492968,236.45769757124953,19.609701700585447,114.07779733038966,PER_DIEM_wage_adj,13013.743843753458,2021,taf,allowed_amount
0,CO,222.52,236.79,260.32,248745.0,1383.75,252.26234332348386,40.76,67.64586904353807,PER_DIEM,4575.963598655502,2021,taf,allowed_amount
0,CO,223.93606960469077,241.2375249500998,263.79241516966067,249602.0,1459.4979432549308,255.49218277431262,40.412452905016856,64.97925935635324,PER_DIEM_wage_adj,4222.30414650022,2021,taf,allowed_amount
0,CT,261.85,282.98,308.7,171664.0,3804.0,334.1515629369,82.05,243.45399404452584,PER_DIEM,59269.847216232025,2021,taf,allowed_amount
0,CT,231.88430748041662,252.88800895239734,275.4665920119447,164077.0,3549.8320268756997,297.5082325598013,92.62634631317314,219.14094904916539,PER_DIEM_wage_adj,48022.7555501689,2021,taf,allowed_amount
0,DE,611.97,783.13,1119.81,2558.0,1896.4,843.4033111806099,252.85,268.66378412006435,PER_DIEM,72180.22889771254,2021,taf,allowed_amount
0,DE,743.5395314787701,772.1639450632638,1210.9981615659133,1817.0,2050.827295339029,935.8976802598396,231.3781112737921,293.0140062293476,PER_DIEM_wage_adj,85857.20784657216,2021,taf,allowed_amount
0,FL,217.66,254.3,396.8,86685.0,796.7,279.18630628136356,0.0,160.3362863256873,PER_DIEM,25707.72471271278,2021,taf,allowed_amount
0,FL,234.93773140356782,272.9720632783575,309.8227067503579,58117.0,864.3867634395375,266.09386464064283,0.0,161.07689422044606,PER_DIEM_wage_adj,25945.765851704768,2021,taf,allowed_amount
0,GA,189.61,211.98,238.23,954239.0,803.76,216.63987503130767,24.26,53.3428547958327,PER_DIEM,2845.4601577692915,2021,taf,allowed_amount
0,GA,222.50382955020194,240.02228101935665,294.63756399892213,15649.0,523.57610360674,261.420235540771,90.4892740145831,65.02438324910871,PER_DIEM_wage_adj,4228.17041692697,2021,taf,allowed_amount
0,HI,348.74,433.72,444.56,827.0,2092.44,414.6281862152358,266.54,92.9564553208131,PER_DIEM,8640.902585810323,2021,taf,allowed_amount
0,HI,279.3271926311574,347.3928714457349,356.0752903484181,653.0,1675.9631557869445,336.4068670036069,272.51101321585907,80.40792525185701,PER_DIEM_wage_adj,6465.434443308223,2021,taf,allowed_amount
0,IA,436.93,458.54,459.47,3761.0,3410.62,465.9700000000001,220.04,248.04941948181312,PER_DIEM,61528.514505264495,2021,taf,allowed_amount
0,IA,519.9690586695227,545.6860645007736,546.7928120909199,3762.0,4058.812328930144,549.127303390999,231.49921094160968,269.1071308422064,PER_DIEM_wage_adj,72418.64787012439,2021,taf,allowed_amount
0,ID,264.48,280.93,329.28,19953.0,4323.34,315.54166040194457,21.84,143.17734186686837,PER_DIEM,20499.751224062096,2021,taf,allowed_amount
0,ID,296.2305136723742,331.26442085832946,391.68157423971377,16862.0,4577.511034557004,375.8109110276427,38.32328998837087,187.43296343116728,PER_DIEM_wage_adj,35131.115780589294,2021,taf,allowed_amount
0,IL,181.945,253.49,380.0,148660.0,8250.0,329.40274451769136,68.33,235.74171966366373,PER_DIEM,55574.158389981414,2021,taf,allowed_amount
0,IL,216.5145327888542,301.313727853441,457.9968663372303,121264.0,9943.353019163553,387.3033411885932,82.3550680969025,273.59687479772344,PER_DIEM_wage_adj,74855.24989908114,2021,taf,allowed_amount
0,IN,177.66,227.56,252.16,714625.0,3027.12,186.85419582298408,0.0,112.44989940953423,PER_DIEM,12644.979877214366,2021,taf,allowed_amount
0,IN,186.78923046011656,247.97018233101642,275.0139680411219,690791.0,3448.9944936557335,203.67453886698542,0.0,124.97697181092592,PER_DIEM_wage_adj,15619.243483028971,2021,taf,allowed_amount
0,KS,311.73,537.0,549.0,5019.0,1091.04,453.5506734409245,70.39,160.73249692560665,PER_DIEM,25834.935567940152,2021,taf,allowed_amount
0,KS,632.716049382716,633.0719557195572,665.359778597786,4663.0,1403.0864197530864,569.048935563313,79.71506849315068,189.56949597275803,PER_DIEM_wage_adj,35936.593803365526,2021,taf,allowed_amount
0,KY,225.28,241.06,257.19,288018.0,3986.4,261.4279476629933,37.76,93.03965564588596,PER_DIEM,8656.37752270504,2021,taf,allowed_amount
0,KY,274.06190777005685,290.04100761570004,302.53948199620976,174406.0,5036.512950094757,311.08737071375475,43.76915759433463,112.81714497374094,PER_DIEM_wage_adj,12727.708200026082,2021,taf,allowed_amount
0,LA,171.02,189.1,208.81,263517.0,1609.4,217.39134663038817,103.83,163.1044830958271,PER_DIEM,26603.072405956955,2021,taf,allowed_amount
0,LA,218.72229465449803,244.2981931315065,268.0020030045068,236041.0,2318.686068289872,280.68809032169264,121.76615456784332,211.73511935615582,PER_DIEM_wage_adj,44831.760768765555,2021,taf,allowed_amount
0,MA,208.44,246.06,282.97,235349.0,4982.48,287.2237702305937,10.52,203.68587001914375,PER_DIEM,41487.93364545552,2021,taf,allowed_amount
0,MA,188.2061300977971,221.7128104691534,260.9956131985505,210046.0,4077.3158756137477,257.91257481027844,9.36526306418588,184.63709264265444,PER_DIEM_wage_adj,34090.855979532156,2021,taf,allowed_amount
0,MD,270.16,286.11,307.04,175815.0,4808.56,298.12088450928536,70.53,106.68116727101379,PER_DIEM,11380.871450306026,2021,taf,allowed_amount
0,MD,283.30007352168894,308.4859726408533,325.8376220985191,145280.0,3065.0877008717575,318.5886538283601,64.54062957540263,114.93709836152478,PER_DIEM_wage_adj,13210.536579766822,2021,taf,allowed_amount
0,ME,144.26,246.76,309.69,87753.0,4406.76,290.0585981106059,22.31,287.9911262011439,PER_DIEM,82938.88877060321,2021,taf,allowed_amount
0,ME,250.688485332269,297.5521574205785,349.25320056899005,56858.0,4240.939274372054,358.1447722748529,22.2610257433646,309.8453248198571,PER_DIEM_wage_adj,96004.12531272277,2021,taf,allowed_amount
0,MI,195.15,221.24,245.53,272090.0,950.0,226.40397526553713,15.86,70.70201581850249,PER_DIEM,4998.7750407997755,2021,taf,allowed_amount
0,MI,219.3877551020408,243.9002267573696,272.0748299319728,249984.0,1032.8332246140467,252.1418837592367,40.334084084084076,77.43823878728409,PER_DIEM_wage_adj,5996.680826476431,2021,taf,allowed_amount
0,MO,161.98,167.7,176.96,471280.0,2578.2,185.28576610507554,47.56,77.71509142537606,PER_DIEM,6039.63543525456,2021,taf,allowed_amount
0,MO,186.2294730063325,200.85864548674465,213.85960401131396,441954.0,3314.733864746721,219.93796715781812,52.12054794520548,93.98724779479382,PER_DIEM_wage_adj,8833.602748039975,2021,taf,allowed_amount
0,MS,212.59,230.67,248.03,289228.0,1440.0,240.9450514127263,45.11,59.446938750825545,PER_DIEM,3533.938526844404,2021,taf,allowed_amount
0,MS,274.97885707381903,302.6795284030011,324.62757148987544,285135.0,1790.2134995358706,315.2128633688914,60.436763129689176,77.16123544300899,PER_DIEM_wage_adj,5953.856255091467,2021,taf,allowed_amount
0,MT,0.0,0.0,0.0,45545.0,0.0,0.0,0.0,0.0,PER_DIEM,0.0,2021,taf,allowed_amount
0,MT,0.0,0.0,0.0,39106.0,0.0,0.0,0.0,0.0,PER_DIEM_wage_adj,0.0,2021,taf,allowed_amount
0,NC,238.2,319.19,332.5,690106.0,1354.62,313.71670133283874,41.33,96.37099677501223,PER_DIEM,9287.369019409418,2021,taf,allowed_amount
0,NC,281.69316174615193,351.5047659847917,401.8672722684835,566921.0,1525.84760372371,362.25314884161736,42.79353903499689,115.66422094130169,PER_DIEM_wage_adj,13378.212005958254,2021,taf,allowed_amount
0,ND,278.06,329.88,418.59000000000003,39603.0,2901.91,411.4702368507436,37.44,288.23382326604445,PER_DIEM,83078.73687456136,2021,taf,allowed_amount
0,ND,318.74420998456,376.7110266159696,452.3661567877629,49083.0,3615.186246418338,457.95927121218483,41.210787011557514,320.28968314071165,PER_DIEM_wage_adj,102585.48112637746,2021,taf,allowed_amount
0,NE,101.17,221.48,260.69,99034.0,1722.58,202.8217604055173,57.13,103.92830171585003,PER_DIEM,10801.091897540757,2021,taf,allowed_amount
0,NE,108.24096880131363,241.47138350608384,284.6922672277749,84333.0,1767.8366174055827,220.5101157170029,45.71862996158771,112.81275802691522,PER_DIEM_wage_adj,12726.718373639325,2021,taf,allowed_amount
0,NH,180.23,190.51,200.64,58847.0,1506.0,201.33097150237055,103.22,58.369276451399756,PER_DIEM,3406.97243345993,2021,taf,allowed_amount
0,NH,183.88257023427627,196.76410311724732,209.42724625175276,49410.0,1485.0606449068139,205.62707163004703,85.20458265139116,55.584606584619614,PER_DIEM_wage_adj,3089.648489166938,2021,taf,allowed_amount
0,NJ,239.66,252.79,329.07,60679.0,2138.96,417.24182732081937,201.66,355.2309544346645,PER_DIEM,126189.03098856269,2021,taf,allowed_amount
0,NJ,190.7018488601687,213.71387542631484,232.364028002154,46217.0,2488.609656777196,263.077776031028,161.32695756126716,196.93394031761446,PER_DIEM_wage_adj,38782.97684902173,2021,taf,allowed_amount
0,NM,341.4,380.8,450.81,8703.0,1860.0,417.15156842468116,94.98,145.4087573944334,PER_DIEM,21143.706726993187,2021,taf,allowed_amount
0,NM,384.48454200666595,410.2287093437536,570.4286863578899,4918.0,2138.1768019312563,466.35252754848676,109.18496378894126,140.47080882265337,PER_DIEM_wage_adj,19732.048131290434,2021,taf,allowed_amount
0,NV,127.82,140.16,307.26,80209.0,2150.0,224.1430360682716,69.41,130.7778385283372,PER_DIEM,17102.84305014384,2021,taf,allowed_amount
0,NV,108.4397463002114,132.9084092126406,259.83932346723043,75200.0,1818.181818181818,198.5089225593926,58.69767441860464,117.81268018125118,PER_DIEM_wage_adj,13879.827611489776,2021,taf,allowed_amount
0,NY,226.83,282.09,318.49,2970916.0,1613.5,289.59274200953513,7.83,93.9700366142519,PER_DIEM,8830.367781283843,2021,taf,allowed_amount
0,NY,207.27734608487748,228.82546323968916,265.9475008989572,2858015.0,1877.2542175683536,248.36126976639926,9.109947643979057,80.64203548192978,PER_DIEM_wage_adj,6503.137886668821,2021,taf,allowed_amount
0,OH,204.9,223.43,253.12,303421.0,2212.4,254.66563461329307,115.0,140.9283246345271,PER_DIEM,19860.792684294654,2021,taf,allowed_amount
0,OH,240.71451220801183,263.3432171979244,297.72671114405733,266461.0,2725.4501150670094,294.84249852098105,120.59563758389261,160.33447889996577,PER_DIEM_wage_adj,25707.145124123574,2021,taf,allowed_amount
0,OK,170.29,178.48,185.9,563966.0,1319.8,184.57986062989613,13.16,52.25561851011518,PER_DIEM,2730.649665874692,2021,taf,allowed_amount
0,OK,204.24865831842578,218.14061893046744,234.13181406189304,490273.0,805.2699728084941,224.28766596138,14.713774597495528,58.57513809370397,PER_DIEM_wage_adj,3431.04680269649,2021,taf,allowed_amount
0,OR,351.61,392.33,492.26,42234.0,1373.16,451.7618892361605,88.59,178.60207917543082,PER_DIEM,31898.702685786862,2021,taf,allowed_amount
0,OR,309.16243238813314,341.63427905169067,408.34904851705807,38826.0,1350.4720692368217,385.88009451140186,72.60285199147681,148.58182832506446,PER_DIEM_wage_adj,22076.559708418925,2021,taf,allowed_amount
0,PA,195.10500000000002,235.62,634.0,87903.0,1372.0,414.5421598807777,68.4,274.7121890425092,PER_DIEM,75466.78680852731,2021,taf,allowed_amount
0,PA,210.32547699214368,256.93267419962336,628.1308851224105,76275.0,1503.211462450593,437.5774130533284,61.38933764135703,306.1311105419637,PER_DIEM_wage_adj,93716.25684165602,2021,taf,allowed_amount
0,RI,212.51,247.07,289.35,50241.0,2500.0,269.35140164407557,84.28,135.04054246834926,PER_DIEM,18235.94811014604,2021,taf,allowed_amount
0,RI,205.1422963689892,239.64671246319924,279.892051030422,40739.0,2905.7892844300613,261.9738133510082,78.64874953340798,132.87151185704352,PER_DIEM_wage_adj,17654.83866317646,2021,taf,allowed_amount
0,SC,151.69,176.0,213.96,131996.0,1612.22,206.5310799569684,0.72,131.77837920231752,PER_DIEM,17365.54122518979,2021,taf,allowed_amount
0,SC,176.8963117606124,205.3416425550857,250.4029758214507,111186.0,1499.2036248798572,242.71131691195484,0.8012463832628534,157.87527907603928,PER_DIEM_wage_adj,24924.603743337284,2021,taf,allowed_amount
0,SD,0.0,0.0,112.065,33427.0,914.68,46.372169503694614,0.0,80.10094964640146,PER_DIEM,6416.162134255343,2021,taf,allowed_amount
0,SD,0.0,0.0,146.56402957225336,24836.0,1139.0784557907843,61.52488052576357,0.0,105.98173680768083,PER_DIEM_wage_adj,11232.12853677253,2021,taf,allowed_amount
0,TN,321.53,497.25,670.28,15207.0,2372.76,513.312266719274,50.24,244.42423155070975,PER_DIEM,59743.20496915498,2021,taf,allowed_amount
0,TN,527.289504036909,632.074118350269,897.8003586371786,7452.0,2685.9406837219835,695.1677688635297,117.41000679194023,259.8347468566834,PER_DIEM_wage_adj,67514.09567407674,2021,taf,allowed_amount
0,TX,162.73,180.38,204.42,375927.0,1387.5,181.96548109074368,16.38,65.76498422016152,PER_DIEM,4325.033149478095,2021,taf,allowed_amount
0,TX,174.9764595103578,199.17608286252354,225.9164535379369,286812.0,1633.1214689265537,204.2199919335066,16.30012936610608,77.9284914101747,PER_DIEM_wage_adj,6072.849773465673,2021,taf,allowed_amount
0,UT,204.67,219.22,231.07,153495.0,928.56,236.50080445617118,26.01,92.09045003411069,PER_DIEM,8480.650987485038,2021,taf,allowed_amount
0,UT,217.7734375,234.34416118421052,258.4395559210526,181237.0,1172.9491438793766,268.0883774294348,27.84796573875803,120.87026046517404,PER_DIEM_wage_adj,14609.619864919014,2021,taf,allowed_amount
0,VA,247.52,324.78,412.54,53476.0,1353.0,359.2605782033061,44.2,156.49216982131367,PER_DIEM,24489.799215382878,2021,taf,allowed_amount
0,VA,264.3556975505857,310.6070941336971,459.21344380907925,36097.0,1440.8945686900959,380.6494524858386,47.071352502662414,182.3858186380193,PER_DIEM_wage_adj,33264.58684026047,2021,taf,allowed_amount
0,VT,243.78,278.1,310.2,72266.0,963.01,290.06090623529735,41.6,79.84744931425023,PER_DIEM,6375.615161991759,2021,taf,allowed_amount
0,VT,247.3077319056934,286.81148975599706,310.9235045814887,72990.0,991.4650468444353,297.8671262661077,42.829197982085866,83.25958691390856,PER_DIEM_wage_adj,6932.158813074693,2021,taf,allowed_amount
0,WA,258.55,272.79,298.12,255331.0,1128.2,291.87920393528407,12.33,65.34620984734762,PER_DIEM,4270.127141413592,2021,taf,allowed_amount
0,WA,230.4495623353446,248.94092499028372,279.6574690770695,226085.0,1021.4576731552739,265.72186990245046,10.478456700943315,62.53760450722349,PER_DIEM_wage_adj,3910.9519775019003,2021,taf,allowed_amount
0,WI,192.53,211.36,247.21,46100.0,1624.0,232.41345878524945,40.06,80.08609149525299,PER_DIEM,6413.782050986032,2021,taf,allowed_amount
0,WI,202.26309620412948,220.58337919647772,251.063137339987,39193.0,1683.0759664213908,240.3476908458943,43.45845085701888,77.88393501928326,PER_DIEM_wage_adj,6065.907334087936,2021,taf,allowed_amount
0,WV,291.12,348.65,445.91,93290.0,5061.4,417.49548847679284,102.72,312.21750669999057,PER_DIEM,97479.77148995864,2021,taf,allowed_amount
0,WV,377.71761202111816,451.14390144849057,578.0246913580247,82554.0,6851.766617029917,540.8100445798029,120.77601410934744,407.73485455303694,PER_DIEM_wage_adj,166247.7116173862,2021,taf,allowed_amount
0,WY,172.73,183.48,197.95,26419.0,901.9,200.18015443430863,42.17,76.67697712012773,PER_DIEM,5879.358820280591,2021,taf,allowed_amount
0,WY,185.6907894736842,197.61904761904762,210.25396825396825,20077.0,1152.4405826731409,219.21423036368665,44.62433862433863,87.63381281958789,PER_DIEM_wage_adj,7679.685149298567,2021,taf,allowed_amount
